a,t0,v,z
0.6227015720596872,0.4425210146404944,2.076467153231072,0.02420793350627696
0.6378074489118509,0.43008789149070664,2.2732099811383635,0.013196448580918516
0.6201956717909937,0.435178293470995,2.2202932714903425,0.0042238133940513045
0.6104502060173194,0.44087782095164235,2.2314668651153036,0.019210574517261884
0.6187311126220348,0.435888411103416,2.266507798703635,-0.0375471446104782
0.6406599666662743,0.4298871487218789,2.1750011422341413,-0.02562524626766387
0.6265557668378758,0.43706491579190626,2.303019457262092,0.03403264721111836
0.6390310533414916,0.43765023940084125,2.1687406434754144,0.03631304500701927
0.6470145447747715,0.43266003579247536,2.276629642839562,-0.0005687590766518009
0.6319348567024119,0.4369817463186201,2.102729686572373,0.0321530348334901
0.654044495228856,0.4327156024698127,2.4994116558985633,-0.02482937174863257
0.6052779433780191,0.4367246501712123,2.1224852570849158,0.03154503013141588
0.625912481949739,0.4311172608896846,2.270559541282129,-0.013307363362851755
0.6515329282994202,0.43224872536065184,2.3439986242538127,0.007619301730698277
0.6339234082357266,0.4333195849265257,2.114360907869473,0.0015681931996942996
0.6230356157232645,0.43581452409367644,2.14753165942137,-0.004729110070473333
0.61739654835709,0.4319577011793299,2.1621821409369337,-0.026837331660246565
0.629192197461953,0.43942714137551037,2.2064383026190204,0.04332680528943041
0.6222251631554027,0.43440530547475764,2.227259272071145,0.015032344034055645
0.6423143396915796,0.43694293813155916,2.2397403482192537,0.015512025221355337
0.6203106383729767,0.44306060093481264,2.1486992964183713,0.047859140147475616
0.6056076766126827,0.44382765767238863,2.1029504542841697,0.02739259644256598
0.6131160472381109,0.44114369492440175,2.17430102527134,0.05715420440250591
0.6337107670884214,0.4331202351073915,2.131486838629701,0.036659336748285684
0.615137044855473,0.441845548323262,2.1449436142630502,0.04351996215176035
0.6367260254767964,0.43628556637555693,2.239615650038353,0.05164569464608727
0.6282471934306044,0.42937691455324617,2.159142078129306,-0.03346724148470116
0.6278625608430963,0.431549547362715,2.123603417118073,0.007029014164856023
0.6418071432210165,0.43747143180260534,2.3560106911970933,0.024377910957368656
0.6308652387697511,0.437713000743766,2.040424792227485,0.051056479399203714
0.6398883104685933,0.430554432130578,2.2369329268197653,-0.0005083546152773439
0.6804644042760621,0.42312070488187037,2.426924615495449,-0.029003118977132644
0.6076813498372302,0.4411661575493621,2.0473619805693013,0.03339951338713303
0.6218954390031955,0.4353442149140401,2.2113346320890344,-0.010513578376974267
0.6401880151949008,0.4337045497116104,2.2957010045977144,0.029922106793166852
0.5996578072577045,0.44279502430767803,2.114799348642163,0.06442717878054618
0.6357327530532425,0.4315425825865557,2.14581984808969,0.016301108480809796
0.6598924139492814,0.4342297160170958,2.152588461051088,0.04558185544663599
0.6435644371646898,0.4365076268297837,2.2063336259675763,0.0628915600964386
0.6283416998792106,0.42846588953144477,2.287685189935221,-0.023864350692705406
0.6361953546950727,0.4370906851629788,2.072035802845095,0.07249752827271162
0.6522255757449862,0.43276910328021223,2.1596077797208593,0.03359655722603241
0.6540360101405983,0.42872820957101243,2.339511024507905,0.016060262008617876
0.6066689817388493,0.43796527562892973,2.1349156423218814,-0.01794919440733005
0.6184528206940882,0.4384889657507565,2.216847695951938,0.023712065407907337
0.626182054202442,0.434771897580122,2.0974127645552465,0.017846333533025636
0.6627582534535906,0.4354273434305985,2.2092448952845407,0.043686597537174576
0.6375400711209851,0.4346991247437007,2.4009588379687035,-0.019151749911777333
0.628961281205466,0.4343091111279063,2.2029908505801052,-0.028187956150955377
0.6334608143811558,0.43777701936371555,2.111847819185938,0.02208146073970991
0.6324701090007725,0.43819883242607127,2.1710053529986584,0.03139465090511165
0.6437586958136045,0.43064140747192226,2.2598952772489183,-0.022392394633468368
0.6420871139842103,0.4339155241400313,2.136478087695989,0.057766204158334944
0.6328712776611937,0.4304203571462008,2.2400370660211797,-0.00394110994063559
0.6424296134515286,0.43318047942697907,2.331853554388941,-0.011715900973055516
0.6085940110840868,0.4365371970765948,2.2391123064691376,-0.0020980446287693715
0.6249199194203106,0.43532200482489786,2.253530876148773,-0.0036473786135571085
0.6325793934549748,0.4322813210319389,2.215870051659947,-0.02389016165502976
0.6170840655491492,0.4359902374938208,2.1525438211519865,-0.0044650254098330365
0.6079366392205511,0.4374622766550044,2.2425569015270503,0.02537937399490218
0.6298175190874089,0.4340739512095437,2.22021675671932,0.001156283889335637
0.6373654118561513,0.4311913075130109,2.2977303804547575,-0.0010699518392926015
0.6328560989954363,0.4314706250164984,2.330216506446869,-0.034294120378535624
0.6450814342586133,0.4329831254498733,2.3642088453036174,-0.0007934374823822098
0.6619550913461366,0.4344552417851195,2.1689776922779993,0.06495355394500757
0.6492585025743093,0.42938453466702803,2.3887111568438844,-0.06899260405695606
0.6103755812909653,0.4353319741732518,2.4398096106850913,-0.048256416796997874
0.6036471690147812,0.43531170295775024,2.25815408609945,-0.02838960804264981
0.6364594576699659,0.43535570042204735,2.068788080453459,0.04685502294370433
0.6426516306965737,0.43173192619280154,2.2784141935119746,-0.013008148779723738
0.6291698312931359,0.4381257707944687,2.162489346229097,0.035474022256425305
0.6145335893046222,0.43972817987255547,2.224857645565716,0.024964221089299223
0.6021020137211331,0.44439961550940027,2.287813324421087,0.005799866166822131
0.6094522601700476,0.4424516507693451,2.151124335990432,0.044310095367143594
0.6385488316152119,0.42788294229665713,2.3334281812897566,-0.05470657379319341
0.6389807865649736,0.4379159561297034,2.1177088634050567,0.06023721155936751
0.6258965670524939,0.43249705750279943,2.1918361788340897,0.015707732663461354
0.6506340962454041,0.4438564450069787,2.2643378362023334,0.08216082522186091
0.6195543153959645,0.43649540494722244,2.253664441046066,0.006260716206350078
0.6346738570199331,0.4367791836832259,2.1255979538676075,0.02150286320698033
0.6225054540902314,0.43581730783340406,2.202683508814936,-0.015611276645423054
0.6276879892211011,0.43499859052194856,2.2122508899271365,0.012129208073666083
0.6250491849816856,0.43884781653451327,2.293436358680063,0.03613265322360714
0.6451200387258654,0.43939084964911596,2.1749409552661434,0.05997309872338555
0.645193816292485,0.4366888504128972,2.163551785510959,0.0728945721948357
0.6246298913935163,0.435820409633888,2.1611633642309003,0.02355979522076546
0.618294214418167,0.43924310679071504,2.278816496131951,-0.012224571328181987
0.640387800941265,0.43392071140654476,2.2688242181850384,0.004284449862503625
0.611660482727378,0.4342343942889215,2.146758448037223,0.011841824981314801
0.6495258237064302,0.4316401743178837,2.261211615947899,0.0040690703473114705
0.6476430678697437,0.43619965724347315,2.342130571739466,0.001156310897405035
0.6307850179878334,0.4394928236807206,2.2489023680947424,0.036203374012977824
0.6136801691802198,0.43308713152221523,2.2586262828196113,-0.04391198847795801
0.6275616802796716,0.43810848786015794,2.2348128168164743,0.0303907019300498
0.6506365258590779,0.432166902216087,2.3640568955849193,-0.010200161476018845
0.6200525604850595,0.436062044863603,2.120159615080322,0.014964544550639773
0.6201155052440454,0.4333474631341837,2.2888418243846598,-0.024105047049899613
0.6345809313781006,0.4369896497548023,2.2592822002523425,0.027289275174290663
0.623355325185599,0.4381318381061556,2.171507822915438,0.034218819088812524
0.6278046842889214,0.43709216093738024,2.3324143662549246,-0.01003592156489147
0.6193220990763646,0.430599301571041,2.2616982286842204,-0.01185002814773039
0.6078985478088345,0.44183216536720826,2.1213558236244867,0.0412982050292516
0.6247835715107091,0.43764071837190915,2.1932311195665264,0.00419371075367953
0.6473304704477193,0.43217009562233494,2.407673816873866,-0.013616891719545804
0.6252021187384964,0.43993267065443536,2.220456083396159,0.02543841061506078
0.6322100918027287,0.43869142057707583,2.2939611613228688,0.039791826866620396
0.6268670771559316,0.43504572994675944,2.1023434573255932,0.04632410104816015
0.6367704837641947,0.4370614110661982,2.1622692575463027,0.042099076129118514
0.6392096455305362,0.4357818807290115,2.101529606122896,0.010301228664533221
0.6149183174166384,0.4416355436155808,2.1381317952297194,0.039941374872315534
0.6107344234102833,0.4390453191812825,2.161870935743434,0.031661670232167136
0.6208785583274409,0.43965180045061414,2.2805484184102696,-0.0026707979509359757
0.6291783404056905,0.43220694066580184,2.374218150413884,-0.030547776407059923
0.6049650610956335,0.43844658167942274,2.2726489381645605,-0.02284697575455155
0.6287636426458764,0.43430778816124416,2.09609715436551,0.01656447549982619
0.6477940277917534,0.43397135487309313,2.3223845253217172,0.0031034640447150006
0.6137910224911868,0.43439541869309994,2.2347174584686473,-0.030051112451789593
0.6231851928232713,0.43394543692573495,2.271923704193638,-0.012617841035123653
0.6276776434941955,0.43818086327789296,2.2831246781035595,0.023245050251179723
0.6143552937194222,0.43564285582881024,2.131883429479937,0.027238088063735674
0.6234649649848001,0.43556939656468235,2.157173966571899,-0.012988621166109918
0.6363390988612356,0.4353590129307756,2.152082846141261,0.03493982724555854
0.6457164326138584,0.42873313363459875,2.2468028554270996,-0.01118842382983767
0.6360402949980166,0.4310958185488081,2.215904255766245,-0.019443144606342756
0.6089823924497537,0.4336004416507509,2.2828625011997468,-0.027952651124583693
0.6150347537965415,0.4381886061598258,2.238140054032554,0.005732765733860017
0.6394391641532047,0.4296838350876923,2.276591720215943,-0.002600955361894694
0.6467495103046684,0.437053437834452,2.169210450728493,0.059932999481218635
0.6237029776154368,0.43803169723624247,2.322977351956608,0.021143262472568727
0.655579390591868,0.4278965491497925,2.2519826896326625,-0.0004421604726687487
0.6370008872843003,0.4359727272985625,2.160227336492967,0.039893230048742415
0.608678179404394,0.43824909433753817,2.3161341510969535,-0.03202111933968273
0.6218401425040022,0.4345361500557475,2.2768103498091152,0.008866675870015361
0.6382810486731073,0.4377644161509597,2.2639754033178847,0.03584765498267549
0.6283305507173812,0.43190971078722185,2.1973381903296665,-0.011449207936042038
0.6555301207604368,0.4306140883429039,2.1437000002601083,0.005261563084521011
0.6294167807478777,0.4348513022470284,2.145694760789679,0.004607832183454402
0.6092448109213048,0.44130318789428447,2.1170141254539043,0.034017510173322316
0.6512880455383033,0.4310542275756262,2.344406431130905,-0.00014908713083462696
0.6027088506130329,0.4379794394401856,2.2601512973134894,-0.014564336763668579
0.6685073841525209,0.4244166240460451,2.3612006939997983,-0.035597662440565184
0.6261021196610609,0.4414975177903529,2.17138260314779,0.06418670008501966
0.6151675152968593,0.44169467089158987,2.159793624695452,0.027221229800875022
0.6361168665436825,0.4370934104588363,2.282165319784422,0.012819204181100668
0.6383049426495235,0.4362652550805927,2.194452948522955,0.024104773615669848
0.6192926502457308,0.4392267111597054,2.1715681438421504,0.018576526264730497
0.6282808515585546,0.43711898036028757,2.0606323448053163,0.08731428175354293
0.6184511365177501,0.43937573738462227,2.09630807992674,0.04240966820292852
0.6299848799990264,0.4375820417746738,2.3017574505347147,-0.016596925615356934
0.6428993972233833,0.43879512096683493,2.1916775234721793,0.05072917087051203
0.6472235059934659,0.43027719528151587,2.3411425461269366,-0.019555204670197595
0.6417670464373123,0.4298649548242171,2.365861324186557,-0.033289855966010806
0.6408052817493067,0.4320048085407607,2.2716606763054097,-0.026233720310132654
0.6237809465287899,0.440250291173942,2.207089124491759,0.026797938216799662
0.6153067139318943,0.4370489360173182,2.159941950678462,0.02213945837091353
0.6099270939139407,0.436588491527368,2.208476830755171,-0.008627154256654128
0.6515574811061562,0.4366192622534643,2.1403568647106486,0.05075381355310586
0.6143424692467496,0.4335426607312285,2.1819614544391612,-0.023704491248051778
0.6350609936270192,0.4323271820844432,2.2276637326143067,0.004009492842355922
0.6153805216347299,0.4381205309385555,2.2480127533878225,-0.003580561663059134
0.645392881376906,0.432505563481916,2.313864117488718,0.029493112185506327
0.6225310031838373,0.4335292565800687,2.323546725687957,-0.004916780555624215
0.6352435352798953,0.4328443191551499,2.231090012302011,-0.012460397101685061
0.6397357598145933,0.4322252693722832,2.232046202051337,-0.0044961881894730864
0.6239291311812643,0.43178533292284277,2.273083218225515,-0.01485972394328005
0.6282759012707576,0.4385557156825543,2.1459214507585753,0.053997276063546276
0.6240759587416516,0.4332548566730609,2.192158770486775,0.017896825175608085
0.6267746236092496,0.4398033508843169,2.0811825021960546,0.047964020717372186
0.6112147393549793,0.4350642277916031,2.1136404407879943,-0.01387562581029364
0.6332431437958697,0.43664169939521863,2.025792632498033,0.05476030030716265
0.6529596848367352,0.43158373887634377,2.2069835157641657,0.024147530826064103
0.6343791348413175,0.43950962833071766,2.0677614461736264,0.06343875226291903
0.6462281406168677,0.43190183873309324,2.3658330308726203,0.023234609161725626
0.619094471218151,0.4352404027287193,2.173385052896039,-0.0068270652329288735
0.6394655261702373,0.44066402277628275,2.2790644958438806,0.06152215713138928
0.6372908752104491,0.43590241854143835,2.24964515447302,0.01996324262085828
0.6313698065511936,0.435938153356759,2.174390713599329,0.009825085362292348
0.6376663331800789,0.43222248368346644,2.309158616187686,0.0023414023791741593
0.6435036310740803,0.4312566280135958,2.288609419947693,-0.017610565888509736
0.599570826533208,0.4433042461888038,2.124567972564235,0.03055173742175214
0.6414685455085551,0.43336170937618923,2.227638463004297,0.03105091314493889
0.6347604393047944,0.4327705597983357,2.242712851474221,-0.023014147372658472
0.6403107925933436,0.4299171889387887,2.43328374303385,-0.06709323649081309
0.6441557504424018,0.4374580285478291,2.275776147469823,0.03486253327024774
0.6351674506573948,0.4303052065502551,2.270660624991021,-0.019240383468409394
0.6333311974317523,0.43268556020925686,2.173322245813949,0.01380209975416104
0.6369973722833597,0.4383006809801019,2.1700180734429146,0.06980519153741509
0.6685365560350827,0.42821104260972254,2.4864869161734844,-0.0441756202318624
0.6459238803222195,0.43109150967282817,2.2922643122429354,0.017360828727758786
0.6201340732432151,0.4339032200777583,2.141619620493902,-0.0064050545791129055
0.6494881176458106,0.42664548937595587,2.3301003237013242,-0.03902839259159804
0.632260772853411,0.4369811218174852,2.2174415940830783,0.01594625522665591
0.6237376564129552,0.4393170149528774,2.186065511567869,0.04084671673364252
0.6195645080859392,0.434399311495815,2.235296361511876,-0.02829494996889426
0.5954156419133187,0.43779471298714334,2.175240411230999,-0.0029519256272709255
0.6238798048348936,0.435961690368302,2.095949010975671,0.04488049680144309
0.6437979784939263,0.43357084283344727,2.3131556385157808,0.023718773778849855
0.6382072513934066,0.42971263363334344,2.3715952406566494,-0.03178377940333818
0.6150067127365998,0.43489353453141355,2.162790184614564,-0.009502346098356358
0.6451911992029832,0.43639692770478417,2.194283158654511,0.05629450549400252
0.6431945842306775,0.4343606354454151,2.2112101323146547,0.02815358038624091
0.6209792058006431,0.4393023545395849,2.1272163940820126,0.012592763682876934
0.6501287744796301,0.43347740167106913,2.3583811782504123,0.008170574644864929
0.6170372259035279,0.438830033082994,2.1687980222418135,0.0414131645165259
0.6377482119362584,0.4337959739612909,2.06745853568878,0.05033788877139523
0.6318950193620357,0.434485843839998,2.266016182048023,0.028705433175680875
0.6550340867611375,0.43119050971045364,2.449035685906792,-0.023386331506722407
0.6356405338017596,0.43227215236765204,2.2204901469374647,-0.0005375211804596807
0.6321284257095788,0.43794031014225915,2.163732556483495,0.029976838377022263
0.6506923599910391,0.4354568443739621,2.37146310526024,0.011759518063678448
0.6264559456920455,0.43444220428261926,2.306008286976866,-0.0026837507898522617
0.6357190315169428,0.4322542970124134,2.370146098770454,-0.03982088247025359
0.64976415681341,0.43394898971966145,2.2683250483335935,0.01341319391423562
0.6289739183636242,0.4363729105075731,2.1440562375335444,0.022663798217410228
0.6405441248144517,0.4333662772586238,2.2894566535558907,0.02074269072638
0.6150205909712153,0.434226509653814,2.260053809369959,-0.021018814400230693
0.6401518437371679,0.4309574095350264,2.2604425831252315,-0.018892893926052305
0.6134089205988625,0.43685991568442073,2.203431416813763,-0.004102914513878839
0.6214814944411496,0.43673664807082063,2.1898308985099275,-0.007803736762784089
0.6427806118891654,0.4406137393748017,2.307380220026779,0.03171940925801673
0.6208463111121666,0.429742724930058,2.2450102771785367,-0.03311211946284658
0.646797303253769,0.4329155963153732,2.3062550174225467,-0.013208651169847693
0.5961642350858162,0.4436955662696369,2.156636484086472,0.044604089908329626
0.6191370220754165,0.4355681636596524,2.1829429054602056,-0.010558269578780529
0.6066861404164596,0.43763356261741304,2.3086755560983354,-0.0010042328031807692
0.6212247663755068,0.43663434138782986,2.0474727140991638,0.0010118904004123388
0.6431666661128329,0.4334667133238258,2.322441093090423,-0.014109165744233937
0.6360028589387475,0.4363699857358106,2.255481122501905,0.013790818398475785
0.6473667505837382,0.43295183742718785,2.302209939232754,-0.011899028345235934
0.6411795625272031,0.4293861167430479,2.1551933759544255,-0.010211968893504819
0.6633121134513233,0.42904047976582615,2.475192753706377,-0.03561507387010775
0.6200422547437953,0.43524531358230306,2.220295735971031,-0.018260278544287634
0.6533301227593814,0.42894226466311686,2.363075730626927,-0.0035612031936033376
0.6142142175951457,0.4353235877183119,2.1400570854650796,0.0211641110676079
0.6439493176714728,0.43823748861443174,2.283475697291757,0.03481688334964284
0.640922974055643,0.4353883324615875,2.3154928901125387,0.0027383534855607485
0.639240674756317,0.43779103722068347,2.465859823405895,0.015880706256935124
0.6295591273483276,0.43505136240128134,2.1250730656480905,0.034840766368796294
0.6332086546093093,0.43591346730074504,2.1670311761480736,-0.0014765034154425086
0.6067113950126933,0.43855599608466506,2.136471228106517,0.02990512394203673
0.6337138782084312,0.4353183368611211,2.235077348454455,-0.0013156339008535143
0.6320378151756202,0.43811448964106964,2.1737973328660147,0.03153285710442804
0.6196284832766508,0.4400897975946156,2.0907269865945532,0.045562677483796984
0.6231431137994522,0.4324056578160814,2.230654296069247,-0.008260138865589963
0.6302528483664173,0.43334650950100023,2.2783512458507835,-0.020879819234949328
0.6408379643341934,0.43147558153832943,2.339844837355491,-0.03313527290778786
0.6347460155897378,0.43572059771236704,2.047202140377879,0.05890570243294979
0.6117393929983872,0.4424312470033338,2.195976419464587,0.03515928179689727
0.656673588240091,0.431646938121337,2.3475268070574598,0.008979818784163275
0.6332448853603346,0.4328958180741218,2.2357294569171127,-7.799330579987246e-06
0.6459704421768507,0.4338580664731889,2.3013824443905984,0.01376120956689893
0.6328205365226325,0.43055275610486177,2.209230616294942,-0.016840827636576877
0.6376462305881676,0.43552371226875497,2.1398537419575567,0.03142618430442766
0.62030691120098,0.43756197650198014,2.072747877894796,0.03974147398463563
0.6230541410404314,0.4365787489812605,2.3269878092010448,-0.023578715349622654
0.6276404319586156,0.4346049059761163,2.171805562307346,-0.0094482061215311
0.6642511380911738,0.4339067592293609,2.4229130614282623,0.024241693885490804
0.6578696043939665,0.43179009335237944,2.584999999839702,-0.04320508131978452
0.6237401530636127,0.43348529988211115,2.246623770170432,-0.017572918914617704
0.6405686524171266,0.43247985314499926,2.1987688327941197,0.004586758237954078
0.63269397926631,0.43716005302740035,2.3947903188488664,-0.03145077167020927
0.6248292291042965,0.4387756298648193,2.147387829880333,0.011601685903071519
0.6148714548519336,0.4420196865917926,2.190240203500769,0.020451532452156845
0.6401295118222925,0.43656687299928615,2.2989495292474524,0.03487289022740802
0.618127059470808,0.43465523904239656,2.220735611171259,-0.00498518588698084
0.6198513893108624,0.43761226137943365,2.281859558051312,-0.010034129390913289
0.6320265930834353,0.43704101694632796,2.1377500874737994,0.036753060899665776
0.6338102806625036,0.4345833043817495,2.218470036518637,0.04255633131580981
0.6225220607188514,0.42894373718154594,2.204678916243549,-0.03632918569515189
0.6358279230530566,0.43372010876858735,2.2953951733012015,-0.01483928077012733
0.6607330735440099,0.4309817841217589,2.315540234171637,0.024111970873928294
0.6470146287552607,0.44060290545799397,2.2031487312851623,0.09641693683969431
0.6583322948057411,0.4281231301738849,2.3692143860740416,-0.03415630698296303
0.6257344982409518,0.4359395837246414,2.2845979087769894,0.010240673492231792
0.6220460799466178,0.4334377943071258,2.2078255349932485,-0.014560574610063041
0.6240702436497946,0.43725924597141136,2.1720433112196798,0.039277385768556425
0.6255346134666124,0.43613577863073355,2.3264787408954715,0.008972286857475035
0.6564232612890901,0.4316131375236819,2.283990656468902,0.040363387370629854
0.6194007022988938,0.4409626680570544,2.185302530437791,0.04634665559872117
0.6418134917209971,0.43302683682811194,2.2126512315341924,3.0720890465189104e-05
0.6071308787446588,0.4341170060776285,2.2502602138734495,-0.003617162352197283
0.6229551999147236,0.4349442427797012,2.2891412018671184,-0.023866888913796357
0.6227467096855229,0.43711449899619553,2.2305337787830863,0.01514611800598145
0.6223848924035539,0.43533735320436784,2.183862405840831,0.018366738622251962
0.6166727869710162,0.43813360296944276,2.349402181983045,-0.046819678080579526
0.6117170837931173,0.4386277107466975,2.2047121318731593,0.00022536983067778123
0.6451878257758491,0.43333760379276065,2.3412662617980704,-0.0007864529719535354
0.6343200045317189,0.43818789260539925,2.1186966429459915,0.04987214997701227
0.6379793201704539,0.42770175702987306,2.271184844703201,-0.028706193635917438
0.622132945100219,0.4348778582417292,2.1970480187186654,0.00916489153078096
0.6215623319311289,0.44259909236422323,2.100869691529116,0.06751222852018174
0.6214336862570472,0.4333099190278229,2.3279268703044527,0.00499102387498743
0.6271762486387259,0.43349757095782265,2.2582962839865046,0.004016294995936057
0.6153953985207669,0.4374640883779738,2.1737028887012486,0.003697937035910675
0.6473887421430465,0.43749139327598213,2.149377556798045,0.0730434210282557
0.6389559720714739,0.4348972104605285,2.174748507282249,0.03670848139360256
0.6136575353965744,0.43806338156819713,2.378185270229344,-0.03952402406043523
0.6633142154726758,0.4356477697936523,2.3749477234598317,0.04606700807482512
0.6237606607051672,0.43454739539290765,2.228941878388908,-0.00956250784541214
0.6358559634696239,0.43817003265417237,2.231388131265216,0.05117343417413745
0.6735654189021281,0.42548455283330067,2.2989415008248253,0.008472492514598582
0.6073495605972534,0.4376565901836033,2.2155220324577276,-0.002791458059111122
0.6638045423389195,0.4292453832818154,2.156641852485267,0.005937135343110987
0.6333620469806468,0.43773475236823334,2.1493274095601596,0.06085932077444737
0.6487809094766976,0.43086853015675747,2.1368999615821767,-0.004913010654663982
0.6684169245055563,0.4338623217514654,2.1914438647389685,0.06271439977619685
0.656569521785511,0.4316863051376105,2.358783130232225,0.0008175490203484536
0.6610957202233719,0.4390299749621817,2.0490150300039867,0.1093691992515632
0.6310218042782205,0.4338466754290421,2.234015561351263,-0.013736038141596706
0.6252376157836934,0.44344354280656567,2.140265171686889,0.0889937360850675
0.6115822561099089,0.43696366313923163,2.218586192224791,0.02651652216230416
0.6509673947907212,0.43220039934408355,2.2192943098244005,0.01767523846200817
0.6454474948397233,0.4338245606942232,2.277258370867596,0.028222942034096515
0.6296243388005295,0.4382025887565914,2.2686662877632986,0.0014593971400156005
0.6154092200328258,0.4375122209547623,2.297860328358119,-0.0005976664493808833
0.6238592295498695,0.4367744047847834,2.1986453965889696,0.009735767668131013
0.6168660976897568,0.43706122847391493,2.03989465287912,0.020154503217202715
0.627438319817446,0.4354096100342604,2.3253491534545074,-0.010752824733615675
0.6451284729592921,0.4338013846158079,2.413159881949908,0.004378911313349237
0.6146524515656957,0.43588641886789486,2.2222118742185417,0.01865252550318024
0.6136914671289003,0.4357637011135844,2.1614902567379,0.033330142528129894
0.6065392024462286,0.4392214342635726,2.1610648942250057,0.008646779639037854
0.6237262703268585,0.43794303251967187,2.2850189621462866,-0.008637653699012966
0.6255573416176159,0.4394934779542913,2.158390412245931,0.059470208474442274
0.6176274533461217,0.4319066905583837,2.1657737968234096,-0.011685027166204622
0.6261161203398474,0.44139130497280327,2.066919102773139,0.0577162609940219
0.6118935013479766,0.43834251795155205,2.1340581386747446,0.019574511893179297
0.617940567845796,0.43870525604885263,2.0957246372150333,0.06822180817077665
0.6383678514152535,0.43209789353819006,2.1801150434022576,0.018408855837088244
0.6263062139624073,0.43477209871527456,2.131101241175775,0.01005383385420031
0.6193140844090408,0.4320292454346837,2.286020040608118,-0.04937114093861069
0.6251369312323359,0.4395647545497567,2.09145094456233,0.045093542700317825
0.6284885544054962,0.4340337472404642,2.2775952404124364,0.019280610399816725
0.6573926169632429,0.4296161416474027,2.1965487604138056,0.041434958161362896
0.6442925168058923,0.43274449513470586,2.3285977739771857,-0.024342567048316655
0.6304691427700583,0.4355231860298214,2.186641358505542,-0.010976060567128474
0.6345316925502,0.43446010018976405,2.371811241647887,-0.006954469401331995
0.6313792827022284,0.43168877424365937,2.3022030766310118,-0.013443008395297147
0.6162262580002177,0.43572750274033467,2.25071676198458,-0.0018005568723628376
0.6377984141513877,0.43075676711102157,2.2666170032309116,-0.0059917980688938615
0.6510018356344256,0.433633379464236,2.1952577487904152,0.04141774793748892
0.6819933615610203,0.42196746105695326,2.340168174741638,-0.04383407951316054
0.6177503881664316,0.43834151977453123,2.084344833325295,0.03043954808661134
0.6408224116648851,0.43824563770605723,2.1488622651088405,0.0346919262036124
0.6535655713002957,0.4281408975590329,2.397166107881436,-0.04327062013835217
0.6167860897053333,0.4364362321929616,2.1450859430136826,0.014844718964202887
0.6214547758514182,0.43861889349416383,2.29396781579691,0.01831533426232635
0.6162642642624725,0.4398963494403448,2.1739209878545735,0.04712880916164988
0.6309557209957161,0.43648245090569215,2.2264806977845972,0.027295039716602566
0.6376334429893329,0.4361659323219294,2.266812883295539,0.005130624715774741
0.6547748549106929,0.43089910472881504,2.242714709383611,0.001805902139097032
0.6227053915933761,0.4321523671733954,2.22151339175851,-0.020591043874086022
0.6263241987131122,0.43454176176755227,2.214114611469953,-0.00924859152075175
0.6253327329235813,0.4370026688965547,2.070406155630627,0.045375788302069814
0.671162299945631,0.42983192101412215,2.331351891684781,0.03345978106495379
0.6267297619334167,0.43441511603833916,2.2156079171491374,0.008789145857247663
0.6410090396060227,0.43453572315961525,2.2817437667635563,0.008985154957884616
0.6205091782789897,0.4390985072684707,2.3080003719864113,0.010126810713412567
0.638496112634722,0.4305675226836561,2.1332989675938654,0.02895304691445329
0.6162288543725198,0.433689034601318,2.073702344712487,-0.00811453287663136
0.6373994935854963,0.43358421041541345,2.298499230855867,-0.009523732751000887
0.6301694977294161,0.4398084768765867,2.1759571755162748,0.04077799258997922
0.6390295856396776,0.42857539838254277,2.3724249457474005,-0.05167969528187699
0.6323780362525192,0.4355890533693906,2.3292078758306944,-0.007949148378919482
0.6272383038979448,0.43234600112816524,2.1025603457821007,-0.016864982850112748
0.641925850013881,0.435831897887384,2.2938738584254845,0.007976006564646474
0.6162404652701706,0.43242974746271445,2.326178553292702,-0.011367033450942199
0.6228871840898773,0.4392516014730739,2.1087656357408266,0.03004955449263852
0.6557163938164906,0.43600932143910165,2.1410952344825844,0.07270939333468303
0.644297051602547,0.43623999399385616,2.3841671586269984,-0.021995941472427654
0.6178334692541992,0.4392350260470539,2.2965556271627143,0.013441940641816304
0.6115093161570446,0.44061224564381213,2.1038338399401937,0.04793363137332533
0.651321255395435,0.4308806329418664,2.2202470540419323,0.02576596074796714
0.6549788163016065,0.4310625200164164,2.3193346459478024,-0.010601077969096089
0.6292873338800031,0.43440118500470765,2.3838659010729693,-0.031549818804511714
0.6145034358756594,0.4381652746539514,2.1741165249344228,0.029151586088718363
0.6072335385358817,0.44374227431358276,2.0479698061253124,0.0687953875647841
0.6380230976614267,0.434131419180122,2.1929835231470376,0.01791389478637415
0.6392157878086164,0.43513331859848586,2.300792135164462,0.01727934616931885
0.6629468862541164,0.4384431986554701,2.065896618643549,0.07483767891775646
0.62883323725855,0.433702126710432,2.202622703983222,0.032937313277634744
0.6307202600313537,0.4357192410154213,2.081694957854196,0.053026589768770206
0.6355891055089259,0.42961262744647016,2.2006343889950415,-0.005695329162282378
0.6419595148982629,0.43212221520171795,2.2610766638034545,-0.0030351117943333817
0.6199104206606127,0.4388720239961124,2.062463627656208,0.04659781856450219
0.6280390293164251,0.4322823341329595,2.121145286110842,0.01710044622480303
0.6401873529475152,0.4363323986982038,2.1319933770074133,0.036670642393000906
0.6181681654208965,0.43210234104000683,2.2724175363923744,-0.023505367167632046
0.6087968395132104,0.4404562083116227,2.1733066941407744,0.03071153531129027
0.6291150072877048,0.4339091265074189,2.207731757833774,0.007803351797904999
0.6199746120221767,0.43603814296258087,2.3231627222527886,-0.011278373304867556
0.6145424186898717,0.4354627992455938,2.06004596423951,0.007650765939029505
0.6090960937362797,0.44119050554940753,2.251117879407286,-0.006082655674081395
0.6148904587413432,0.43770914650548143,2.217434685768126,0.023613449783267564
0.6547974673399585,0.43034577783671785,2.3747390234287775,-0.0380794857914101
0.6343417712312228,0.43303684771642703,2.158527593112086,0.03621698369781042
0.6189235683106211,0.4385366814759532,2.12856455964368,0.03379874248012413
0.6168842146774073,0.44519969064842324,2.101638029050313,0.054232229577860516
0.6259933034541858,0.43491258218301504,2.200846564996218,-0.0028253417699690905
0.6207768150786553,0.43921057634745564,2.1946792261426027,0.037056902575716734
0.6515529928114638,0.42914314021556177,2.336630711033345,-0.05697537898209719
0.6412120948338687,0.43385952020366714,2.3056736381435514,-0.010233483807089971
0.6398616895530045,0.4346023778144231,2.2860739834142074,0.01527909282067867
0.6449368983951748,0.43163999145873166,2.375159787875396,-0.015878529093473016
0.6675929016222225,0.43228740301770835,2.2702717942838695,0.035356450288027946
0.6264518927015604,0.44334216945633975,2.1247048476667145,0.059139507630965274
0.6158726968762063,0.4335641668953138,2.3030891053146867,-0.0009594616187388456
0.6225850250956536,0.43478425168263457,2.3826382279674054,-0.007671310893256087
0.6396184491655594,0.4333261182533656,2.326619982369177,-0.008819895314031004
0.6222430593599119,0.4304709340100594,2.20255582488917,-0.010444079458711458
0.6195828020715368,0.4410215323878721,2.2760086285189134,0.014180699239966775
0.6363531757278452,0.43526817515675414,2.199842484161538,0.0394347793890006
0.6460857450168802,0.4386970185086856,2.321025323131839,0.06040731001246336
0.659118670404632,0.43371032306874163,2.2373828384965684,0.04889797588254393
0.6387986270866438,0.4343701620411556,2.4010988758786143,-0.007558773704946245
0.614560197349002,0.43640387658081065,2.2133422230838193,-0.018881811530207442
0.6182833166996359,0.438153474936996,2.1478350324052315,0.03372170135304179
0.6272414689833973,0.43673147263286377,2.2934676574722013,-0.022079178156352873
0.6391824409076261,0.4313808206513382,2.3116887667355868,-0.008765215991160584
0.627600967256603,0.4317126200160254,2.3691278637560425,-0.05069014559307763
0.6479715194517589,0.4365131030871882,2.320311264376168,0.0328480897949345
0.6481160371667853,0.4307945384310291,2.3517240643575024,3.690893330494192e-05
0.6086978531376814,0.4402068135461341,2.0112025428480234,0.0695145704871634
0.6379598590443806,0.4287689704030084,2.1889022392347943,0.0033793304199190694
0.621831120779735,0.4382140588125486,2.4180919080372143,-0.03736664394155177
0.6528552021494152,0.43435090093581485,2.1806257346469904,0.05387079508302664
0.6373356536432269,0.4350482384820834,2.3545394022407793,-0.005606988659869115
0.6513184820884357,0.4348234821715738,2.290879420955745,0.02858225287454674
0.6365670493856286,0.4369940940983949,2.201841847634348,0.03949114772671836
0.6323561101901948,0.4354649243964022,2.1382115538075923,0.01757486881675479
0.6009225267527624,0.44645561247318044,2.0866488188573804,0.05337715110329157
0.6239986360800556,0.4363361781661872,2.1786374977670664,0.015726089578039316
0.6450054687599476,0.43304354054797456,2.2310464720500653,0.016168901268426798
0.6342936015789062,0.4348567012090531,2.3054194908004035,0.007303942127866721
0.6495744467552711,0.4347053366675793,2.336737532808108,0.0017232866819593832
0.6191497947247796,0.43973494845167804,2.0693434926504484,0.06831665434386215
0.6514160395110422,0.43167401524445453,2.310968799150567,0.020446165228554997
0.6246346543329158,0.4359160680309535,2.1447493784542853,0.005691416298052389
0.6393501854247091,0.4330121569696426,2.242168016536222,-0.0146249998779943
0.6211620888411188,0.43150283609840856,2.105818815754275,-0.018894394297954024
0.6212374293401849,0.4339352693185878,2.2029710934893454,-0.0069692400041070305
0.6495442485012956,0.43701938591229966,2.3451563161080604,0.025393051562653913
0.6605679610164682,0.43768394992618037,2.2173728274952125,0.040790792553422724
0.6199268508299625,0.4326883125075633,2.1762277015490747,-0.003654573678161647
0.6294254944181428,0.43485181672607914,2.291701708950136,-0.019001026375609742
0.6352170941122981,0.43353864144925813,2.27256204944467,-0.01647011295081577
0.6414688449901953,0.4394061610906566,2.0945983721728205,0.10255050273291566
0.6252522068986966,0.4352796763438652,2.3292737088841546,-0.005123698621610591
0.622806786531538,0.43147224257401895,2.3284582883328975,-0.027888166120920925
0.6454988174212803,0.4289644817878811,2.3241222309685945,-0.011457968356597004
0.643129051549613,0.4366566996494506,2.0892015420778574,0.03830400516896214
0.6239124759252765,0.4367570734045484,2.2823305787753534,-0.007039077672290154
0.6443364939014488,0.4365790715612651,2.2125453587241535,0.03580687154361068
0.6302073221218968,0.43762102427291005,2.2665674083972203,0.0021488326771739435
0.635801458156193,0.43328630782956695,2.288859003978505,-0.009382300926432812
0.6131403268269404,0.43941307180161515,2.152569072606773,0.044939605038543454
0.6250777912558966,0.4341338685690134,2.2380688434363747,-0.006273531645220052
0.6250073638365041,0.4328190170523746,2.2725850455627077,0.008712053484657426
0.6334451098175553,0.4340855711020262,2.3045009883470904,-0.0360310380217946
0.6289195872011362,0.43628451492266224,2.1288997102043363,0.032913685354018646
0.6691425533781633,0.4333938405797264,2.4833901199421873,0.010846474013446312
0.6196028188294156,0.43799961080604777,2.2636888667208916,0.01157709228793469
0.6277410340934322,0.435646019202332,2.1947440168814327,0.002859050974692758
0.6164570636425626,0.4371187865861395,2.2189105663879363,0.022085028992037018
0.6312491932856369,0.43578656772969726,2.2259495051411013,0.01032140396638118
0.6312405405954951,0.4396420403499207,1.9562442808649632,0.08204496239265165
0.6165406660448687,0.4383519345762362,2.122663987918102,0.03416844718092782
0.6330360765816118,0.43301335685771786,2.3560288355799246,-0.024264432961541946
0.6248912645794348,0.43622442106175463,2.250008054317198,0.030236899309361978
0.6340132976916366,0.4381714796217196,2.2538100074528087,0.027824102551297632
0.6122374452041914,0.4331048715355372,2.2340658223165115,-0.03023838236309891
0.6239310958889666,0.4362334543611364,2.116192277620691,0.023088303866602763
0.6172834772628567,0.44085667339530754,2.1548871309047066,0.026459013763035968
0.6293115686444766,0.4332993721468699,2.2747125976225524,-0.012579977420291611
0.6242158267887346,0.43652563599864197,2.212665390999159,0.013268518083088236
0.6618149641108959,0.42333450859207006,2.446814663454382,-0.06557392103509528
0.6400330708771339,0.4360036717608908,2.236221359415299,0.04329781824159259
0.5981283790452236,0.4382053011662839,2.183416749266677,0.005265488968513302
0.6317254639615771,0.43262496107420934,2.2747662321121824,-0.0025146363286442097
0.6274680411220513,0.4331503223131868,2.2698088158292316,-0.005480824857285366
0.6424575402207612,0.44407083058806474,2.259852425359141,0.06906920417171807
0.6250450213804318,0.4338199730902172,2.1185213113005883,0.01529060909699232
0.6215834803509322,0.43699843199612576,2.2682027270847787,0.007810302582346089
0.6197865869690594,0.43819082024681105,2.2412060138391126,-0.0004835836003141849
0.6144236659983827,0.4341513769756422,2.1124878397768407,-0.006358681269433906
0.61235931488454,0.43256501670583913,2.1669947006337216,-0.021263445980417045
0.6420566478212709,0.4306596527091334,2.352940453012076,-0.0165580226998848
0.6338064798815811,0.43953075459708424,2.2036060285237866,0.06724460544474171
0.6501619440445711,0.4315391396432316,2.2572541229976038,0.012750469698681766
0.621685877015908,0.4372841901082963,2.2477669000994562,0.03438291126488471
0.6380958917917438,0.4373560158644196,2.2905468185782,0.03048305055018235
0.6261543038050374,0.4359116063903388,2.171086815759757,0.030372310972186543
0.61658082338198,0.4354222640069582,2.2713253766901937,0.012372883033630917
0.615887372365889,0.4343562871299497,2.1825783287770104,-0.000974482784843219
0.6351038650572861,0.43169400921666584,2.538623488875468,-0.03440727020595273
0.6110528879380198,0.44065722410366454,2.1133214004797805,0.06759043630160125
0.6521552845255957,0.43051010160051295,2.5040196150792364,-0.00884200748538441
0.6417431682699474,0.4392258384920319,2.1834999761168548,0.06852394655712453
0.6176520491682925,0.43991640688969447,2.095335963697147,0.04733193127134949
0.6171232379827336,0.4385292434615065,2.107682327652064,0.04382839112239373
0.6274858384081065,0.4341866340322377,2.248054224409222,0.004769210260583279
0.6043009918225318,0.4379285393846415,2.1842162522295223,0.011934727082238488
0.6419560530959645,0.43159248803956674,2.1569172696133894,0.011484211440393301
0.6299501683490222,0.4376032791917307,2.151262403301581,0.047849059817715776
0.6346981506504143,0.4364314929232231,2.1837560978081667,0.02562518543570363
0.6312394562878175,0.43567394915502605,2.1445838165813296,0.04712415169336331
0.6555271409343044,0.42829275762331864,2.3164997428039587,0.0058424211650120695
0.611162523831421,0.4357603842479144,2.071994723775963,0.015494079190455071
0.6299016590034248,0.43805228766351434,2.2364118088530813,0.019440390266038332
0.6322836452371361,0.4312976339400046,2.2711374403296665,-0.01253171009731069
0.6300308521843894,0.43302764166260377,2.3702156126502247,-0.01755196249715373
0.6236150699075682,0.4377733015626091,2.1125373053569865,0.045860650512583784
0.6216021627719175,0.43336559732250857,2.1489557120841427,0.012334093385176138
0.6221042118443504,0.43327969234213143,2.118445820831475,0.005123128853212174
0.6529643080581168,0.43741331652130705,2.36887320544089,0.01940688622999979
0.6111717432107744,0.4380504143103819,2.0808792664595055,0.040166661117258584
0.6348249989191999,0.4276739869999746,2.4373106115465393,-0.0858770433993112
0.6350139766171483,0.433581790614918,2.406360609934398,-0.001989517771563342
0.6360949026790558,0.43159490070710804,2.419873017797999,-0.051546576465170135
0.6291462604791133,0.43466474124395194,2.2722905456050912,-0.056357800426691834
0.6244551329373186,0.43285569778665994,2.028302848093656,0.022669568379307118
0.6315332432320068,0.43682309491614896,2.31807702948722,0.02334658117731482
0.636889647842624,0.4358100667718087,2.3311707200564906,0.004549846503164323
0.6276272452607898,0.4325677484785979,2.3569974119438584,-0.037335650676529636
0.6313971012081846,0.43415603729024516,2.377690529090821,-0.03925135917537617
0.651376484369721,0.42979696590077077,2.160754093568084,0.036181227147365
0.607953022832647,0.44190658349975787,2.109180834976052,0.06054726584754526
0.6442510510748443,0.4311388546835735,2.112199795822183,0.030295138896273843
0.6264447438158656,0.44102057776521775,2.0903273024802624,0.0879257735489038
0.6348731370046958,0.43234154648234807,2.1299883209868256,0.0032670335601212024
0.6411179159184424,0.4304486568044969,2.438467686680584,-0.038988216387712146
0.6231496001042192,0.4356667954155104,2.272323275325164,0.01735375242178263
0.6172807750388902,0.4451176525537829,1.9923415008376588,0.08478633989616298
0.6410530858949465,0.4349151876190352,2.166257344523932,0.013359712239330862
0.6287160779139745,0.436164175102554,2.13921782142736,0.020477957736163618
0.6534021666887196,0.4324342908798646,2.288210790780479,0.02727454859546292
0.6449521320010543,0.43083022116952513,2.3966943302210186,-0.04670947530697999
0.6150378984990947,0.43496076127895184,2.239091309503894,-0.04071330058095856
0.6387607211873703,0.44006700635972745,2.2332527135142213,0.04756051596497703
0.6284876408115891,0.43310799292950836,2.175051774613009,0.000917058494373891
0.6142409413374533,0.438308247504859,2.2449374925520003,0.032284419013775684
0.6384693102636737,0.4323733025500387,2.318318182458348,-0.015283650625229175
0.6293842487261063,0.4313718114249355,2.253741630127705,-0.05272412452275108
0.6508863969110308,0.433270631721055,2.205929612143484,0.049351992809647284
0.6434271366617728,0.4291676099266628,2.462119066663352,-0.041108913937570046
0.6495687105216068,0.43208196475585253,2.322606136312217,-0.038883459034935085
0.5982807221345721,0.4477212226526878,2.0208059209724265,0.08123208115582148
0.6326249756929991,0.42995884283548835,2.3413162477733356,-0.051502281535943245
0.6335941413571495,0.43729677273551215,2.0675593865279156,0.038666485585109815
0.6200582898609727,0.4371343098452766,2.1564662966545836,0.007956419670126464
0.6254058730053659,0.43460380932515563,2.0469446635447874,0.02502727954948069
0.6124433721491682,0.43930949823955645,2.1536248612369233,0.01470803160202932
0.6259309756213753,0.43827687788454023,2.2193683239684683,0.05134459522503249
0.6245067284432236,0.4389394110617896,2.1984978789869416,0.004446935458558912
0.6409377421270387,0.43336340616354446,2.1954914924505866,0.02163538549325055
0.6115007587868073,0.4428095851220652,1.9950376169087687,0.05895754686219327
0.6101585116477668,0.4357229569652318,2.32802278154133,-0.03342635298910212
0.60363729103758,0.43559553090448316,2.1911324746909093,0.006494867400023537
0.6327534581095224,0.43729808040272516,2.2958475339220343,0.015322998029701653
0.6408475831274182,0.4334144606474638,2.19252987908135,0.0031463732057894263
0.6232459205283545,0.4381509538165625,2.2404878009652354,0.022552887888807407
0.5856838101307584,0.4434359657346731,2.1779498341714523,0.03272915508082228
0.6380597378359346,0.43991220842781104,2.0540986514585353,0.06598071043486704
0.6428020619530187,0.4351273976786657,2.212101478989454,0.03398623425620699
0.6427364996466096,0.4329681868379016,2.319416457394853,-0.018940943584965727
0.6245870721123918,0.4342088759425227,2.4061563351078727,-0.049140395549476974
0.6600603322454787,0.42515631742382043,2.401560406262071,-0.01380919394073077
0.6317445072807688,0.4358370008372424,2.252703672411278,0.02837252359638712
0.6622701356886184,0.43088489391181367,2.3238798581849562,0.014028247009488402
0.6226007410510156,0.43982551047028573,2.07491463294379,0.03310508809747191
0.5862757156200239,0.44755373521759595,2.122352275293188,0.03604908632435978
0.6183316072298535,0.43667069847908996,2.2696268166059212,-0.015384644767589597
0.6413159057589966,0.4337901804407667,2.200168369646332,0.00429846460521774
0.6216006110393767,0.4348869007090857,2.144757964808617,0.020778117015809075
0.6319102141271957,0.43481885536019893,2.3363437529541966,-0.045721537689837416
0.6509026180493988,0.4285695285016613,2.250018004716467,-0.01372293530737726
0.6091980033198451,0.4392868273421494,2.1591171605169746,0.046357436939208525
0.6260238219583876,0.43694500593038776,2.26918596224652,0.02383909836769869
0.6106392467507313,0.43479872136542536,2.073253601980869,0.015203830483122426
0.6289924586450114,0.43425717986021517,2.2225927087775057,0.007698466295688849
0.627287055452369,0.43567372750040884,2.1351207131475474,-0.0016547612732206451
0.6453485109102622,0.4289742619819759,2.3454089732323338,-0.03771951666011646
0.6238247964092751,0.43672191793658793,2.1778253598135957,0.029638257394776813
0.640372127684269,0.43580826618303803,2.3743022801389673,0.0032122215447361064
0.620339887699789,0.43822778401824675,2.1818868720888864,0.04246010470593033
0.6558106639227842,0.4371387483456391,2.202636064687183,0.08070013583987592
0.6436265231384679,0.4297923121891742,2.293932655754841,-0.010261530605870527
0.6248368959949053,0.43645724468058333,2.0855052196021626,0.038627702235124885
0.6477158581904756,0.4373220143304559,2.272245543145129,0.039717261851833635
0.6270657230926282,0.43399008496641855,2.240079169965194,-0.02469830345179197
0.6235670269524785,0.43336723351514833,2.2898619278110357,-0.0015489365678695425
0.652649834567156,0.43139754141684095,2.385361184729127,-0.0012461356415830393
0.6187978876660541,0.43399473442830866,2.2031857116238633,0.010532764942339934
0.6016249473316869,0.4424956855767857,2.1911340895458755,0.06017010654999457
0.6422353271478086,0.4334162581361033,2.1955804484509946,0.008281269262298491
0.6370904213806783,0.43584405983037305,2.1928074335368297,0.027350988537169885
0.6335309858688041,0.43532905833577673,2.107187018378702,0.032876627013025066
0.6308659067510254,0.4320348702646874,2.284896194797743,-0.036191709536024096
0.6211273529627382,0.4365654587094328,2.147551964498115,0.009173942209858722
0.632715199538892,0.43544856390295883,2.425369373686738,-0.020149145297073987
0.6288854435540875,0.4402635388013888,2.2763592208773944,0.01120492633030412
0.6267491086694654,0.43537480118131006,2.2374900736329266,0.025873143282121293
0.61672848314289,0.43859045312923767,2.201529161075232,0.0035764576176095524
0.6008392534211221,0.437564122745663,2.264342220017793,-0.03333480613415989
0.5971423978798577,0.43985732031574365,2.242176177038956,-0.016159526350981158
0.6555072795099206,0.4354653813452274,2.1146342944430043,0.08147454340393853
0.646640573029416,0.4320169880388513,2.366026738504184,-0.003993153674204623
0.649549782936488,0.432846338468292,2.3969902205236453,-0.009746739632367479
0.6453179639394186,0.43630342998959243,2.2800730859186515,0.030713204449534067
0.6270108521047315,0.43627138848654706,2.2187185411344656,0.005240909972824724
0.6203195718172434,0.43861210342083845,2.0938350590050265,0.03590144617974826
0.6382299422695785,0.43278892847305206,2.2693742538770985,-0.020069143565160614
0.631952034360172,0.4339598042808968,2.2871320930730197,-0.028995641112122352
0.656258158973748,0.42674327626325304,2.400910009647614,-0.059781942722131054
0.6271671840256285,0.4371802350664086,2.385493788819026,0.027380011983960888
0.6175792822699968,0.43969301598338323,2.2338957538418667,0.017374059824040142
0.6388921521027829,0.44093845428637857,2.2353467024924485,0.0687684039490834
0.6573819861296588,0.4313693550905312,2.2798434135500965,-0.00908867842040056
0.6404939175794588,0.43559613689094534,2.0487225336207637,0.07760972837372077
0.631681044508453,0.43133823719498116,2.278283489966345,-0.009240319373386856
0.6188052070750913,0.4361520319821576,2.277290992328731,-0.006180689859412458
0.6312294230760204,0.4303352067615309,2.284482576284569,-0.025012298619620038
0.626063644221238,0.44046566492341244,2.1176151229733122,0.047626539124404156
0.6357180798366046,0.4391109779730341,2.1540974420077457,0.036044670719439
0.6329845228370125,0.43762819123598695,2.1625635804341927,0.05305563252804081
0.623345751298115,0.4424218156793789,2.2712775958639333,0.005842995902120048
0.6322529995915216,0.43612009891978176,2.210497013342538,0.03040163651242714
0.6529227418804809,0.43218597252459706,2.293961878168691,0.000204693962497311
0.6423966013189393,0.4282896247248704,2.3002128823919037,-0.0003304676723018555
0.6245904049001783,0.4399051219322896,2.2514159103121867,0.016644552473629327
0.6183117844855549,0.43495842029688647,2.267670120258858,-0.012342425545664608
0.632999521003738,0.43447441259713376,2.2064893344875562,0.03314316873899593
0.6260990668981915,0.43866691972546723,2.3669806266985534,-0.006364757854654237
0.6236410210815642,0.4399067246512483,2.2605232384631817,0.025159532087241813
0.6501344155049228,0.43417026789115665,2.328465163511308,0.020268880441514356
0.6105656740394213,0.43478379697879127,2.2797442306325726,-0.02546411046243421
0.6368413795817744,0.4340827219462865,2.363840895439044,-0.01564712620760148
0.6013563711508475,0.43934765404992293,2.0516530893672402,0.012537001377228952
0.6405830354352607,0.43010004189672263,2.182607208512211,0.0012840354850785865
0.6492886789092223,0.4356076441695383,2.0507317284502498,0.09690922267865275
0.6209810876486425,0.43427406141301567,2.191426113665225,0.027296402841974408
0.6372639084464072,0.4285916581559162,2.57552641063053,-0.08142403200936259
0.6501794136366157,0.43402489209112693,2.3171825914446385,0.001274151535367088
0.6288837469816307,0.4416721527587404,2.2296310576777563,0.07063165897568056
0.6492141800686263,0.43536996454491306,2.3278313141667493,-0.007433801555479274
0.6294335647647681,0.43406363374614365,2.2303484059107266,0.014856732055174359
0.6452924551506692,0.4298453876796057,2.3200432300605405,-0.007344316510657566
0.6396236649561688,0.43967993248075543,2.1020407131299987,0.08865704086353662
0.6582205254331043,0.4365925886323089,2.189533423750733,0.03375647322875888
0.6210574052950759,0.4383879118182189,2.173694161059332,0.03479152810256534
0.6208862558073691,0.43672218676361213,2.3346448952694088,-0.02899264240497247
0.6370827488250533,0.43606712577567897,2.275515143186755,0.026472014634164102
0.680045140161509,0.4314072215799438,2.2526397351995153,0.06332632826187405
0.6068768448391592,0.44288467873493903,2.0611930080017546,0.06959953306150028
0.6418698693063963,0.43684701508604784,2.1237154688536783,0.04904627188357166
0.6468101197169627,0.43285140343001643,2.2067506982386136,0.011502575654748418
0.6333374451426602,0.4348588366127151,2.144167723566976,-0.0001337894824898728
0.6337491457738589,0.43595316971901515,2.2793192632105344,0.020021694561137914
0.6622334692521102,0.4292422225983678,2.3290786715953855,0.004649561381242829
0.636443433589643,0.4376812157114342,2.316947860815375,0.015326662442971765
0.6362450110081491,0.43691980872363173,2.0905278933923586,0.04959780910139864
0.6235826563522778,0.4379016485542491,2.1531343359783617,0.00924679540142491
0.630686561959158,0.4332034936384493,2.2665203559884373,0.019757646671987775
0.6287286803438533,0.4350365409270234,2.2534659679129914,0.015582671429314826
0.6315596640653031,0.43200004513206797,2.2281194672626055,-0.021706422449380928
0.6364131136671699,0.43112327159978586,2.2982413776484134,-0.02458517571717738
0.6640292957772325,0.43226340896456394,2.3253299845172752,0.0008280828730529974
0.652834175247734,0.4314394596305082,2.4121672527840787,-0.018811719645281104
0.6294476481526913,0.43130159315089406,2.1402970866057105,-0.0035099896371089006
0.6053450476567189,0.4371866627726087,2.221313168213574,-0.007408926436969629
0.6402580804393254,0.4408894136741056,2.073709789583741,0.08276285789579922
0.6274595825662415,0.4414036056274849,2.2018501249405085,0.07802206705650672
0.6315529296306859,0.4372929026615928,2.281053584069819,0.01140962176470891
0.6127356702884098,0.4372428148215414,2.1197933964281335,0.00985907436788217
0.6645069717439028,0.42300764138564,2.3328335044135398,-0.023594191393219936
0.6286728449087388,0.4361611744799209,2.224751873368068,0.018707872254195203
0.6544348656605561,0.4289399396636732,2.429494695617421,-0.04369215534867195
0.6174916067816189,0.43934169452252875,2.2873679208402695,-0.0012739333544129726
0.6172987453560727,0.437915288478671,2.13118467503173,0.0347766301130282
0.6179213152441159,0.44268153534258764,2.3014610574658265,0.03089993278506908
0.6237671659757514,0.43312952911204905,2.329555274069379,-0.019039361089614553
0.6755290146807115,0.4337054084284421,2.2448697839707603,0.06346175271422567
0.6202726725757567,0.43719365381845354,2.238653732569932,0.029884623783037904
0.6195777586631807,0.4333937303419139,2.3383004999424464,-0.04142351100400039
0.6472641775726417,0.4341128537529891,2.3591507612203366,0.0027118090292865627
0.6393029622725783,0.43651491924945385,2.1600375033094283,0.05227562522755576
0.6400581869728359,0.4327390605255807,2.33962035520956,0.012067237701259344
0.62891215575799,0.4340149201494994,2.1476061067130168,0.018085283983080205
0.6145215013343243,0.4339521891254694,2.155353768814604,-0.01211061559626358
0.6267728637968912,0.43516634951499583,2.236593116933882,0.005562202856959954
0.6378692761234935,0.4340586081035921,2.2778672302878418,-0.0026977987826010785
0.618806319395803,0.4344969066464282,2.0368440868268367,0.0257368325598476
0.6376120734078597,0.43322665368523555,2.2806674808543983,0.004843060875327351
0.6076826009758315,0.4387532584199257,2.181408872438656,0.03321260062224278
0.6420917999178037,0.4371429157280166,2.199062791893784,0.04519403178548819
0.647240184402155,0.43297484325182417,2.20544200655711,0.044240368920014005
0.6327490095641629,0.4331319504134642,2.2496807381210617,0.04058523417210643
0.6282542552411617,0.4294883432401635,2.370889230504529,-0.07685398723178631
0.6350146027657296,0.4372124158907724,2.1502747911128073,0.03671163063702012
0.6425601657367529,0.4351908368721238,2.2413184606483876,0.028276257981378103
0.6248175747905902,0.43745393189738685,2.131764092107478,0.02705011448830878
0.6393046014809189,0.4351606951401596,2.2415097549216947,0.05664339282050976
0.6633645507071411,0.4322463817858866,2.3562580714704184,0.016430361249517807
0.651538337419688,0.43399503238298365,2.219505545888879,0.0020456410604204546
0.6165476289991864,0.44136497870258085,1.9537374351457701,0.04250449745846503
0.6234682053048755,0.43129634190043487,2.302765043984457,-0.06218479294076082
0.6207168887752562,0.43684015159791345,2.118750774801853,0.01012160301770574
0.6232827020904745,0.43128190501449426,2.211321170347493,-0.018364372309715816
0.6223404880072755,0.4354316996443454,2.1709488209646244,0.00829020083307748
0.6494320783559483,0.4387748150042919,2.210833761844387,0.06321364507431355
0.6258055653508166,0.4437001739067165,2.269255741614704,0.04549873149669067
0.6305391537617441,0.43851549374586335,2.3828635678564662,-0.010154515758924513
0.6274692667425305,0.43435791444759525,2.413706489992802,-0.03394335723812282
0.6255450522336572,0.43000675155990015,2.2082492845646184,-0.056699487585251715
0.6206919751463373,0.43434533754963484,2.2604335096464214,-0.013916574150627378
0.6210666392067213,0.43624940646972404,2.173872852469996,0.02635263291169272
0.6207954678662503,0.43581094423538563,2.1897111458896217,0.018490418971002225
0.6272156527771229,0.4338951745845496,2.2344310618527783,-0.024855030973788238
0.6025975868573691,0.4420314065175792,2.1666193561105422,0.04293644150604165
0.641125742045706,0.4377751262981613,2.2078703039657377,0.06970742241639724
0.6231310425980001,0.4347649740923988,2.2447023461881934,0.007370504160935467
0.6359909661534016,0.4330055900292881,2.277661153113537,-0.025135840061998378
0.6337714645677709,0.4326188918615646,2.1618231260092635,0.01965779017052768
0.6295934776184632,0.43542835849864336,2.165263468548948,0.013822310836612933
0.6536189518359165,0.4306054335263561,2.450323862289657,-0.009092749932706017
0.618900372174539,0.43921253551135375,2.2236807955777125,0.028258239737612656
0.6249621269548227,0.4329590042127246,2.217030314687842,-0.029608477348850883
0.6533580847806671,0.4334033045129276,2.1911186457606195,0.021629939231904732
0.6318089657478995,0.42917679387546176,2.1447935223153176,-0.023797310220008885
0.6285198462819592,0.4334931294047159,2.2840076198703487,-0.007974892184333709
0.6363134841068185,0.43432271307558784,2.230046070133886,0.014066674941372013
0.6322246399018235,0.43042637680840085,2.3885970080637584,-0.04827952147965302
0.6329827692800729,0.43728080017743104,2.2328934431143974,0.021271261467142925
0.6317248815026367,0.4299474510309883,2.300495114234331,-0.03262114710795387
0.6335272478093811,0.4349127040841833,2.193906964051838,0.0013269400478023443
0.6253986337222177,0.43648514497172164,2.153474934303051,0.026102392794383294
0.6393649208356982,0.43352168798632396,2.251883682185281,0.02777918634564841
0.6098958561798972,0.4334296206226331,2.1322761616626082,-0.0010102077018247163
0.6384973364848888,0.43407943672452354,2.317384074359593,-0.0190774786012783
0.6137661698485508,0.4310814302687669,2.238059776609885,-0.04884721580498263
0.6414875522572263,0.43374249680015925,2.285431593212605,-0.016103247637604214
0.6290854166951392,0.4315670454419875,2.1401360825510745,0.024629445311074846
0.6195975961743946,0.43362021589875055,2.2304205373420465,-0.013219387485552956
0.616727639860732,0.4378515379184269,2.2713430931307115,-0.01187916437505503
0.6175972119243812,0.44013852683705906,2.191612021240761,0.03145922486904339
0.6225710225239666,0.43288894187582777,2.1817874189953597,-0.0068852740430231565
0.6256544269679514,0.4377023577117971,2.172445794401757,0.07736066493886952
0.6347895312778766,0.438085650328388,2.216298928094552,0.06718712019533851
0.633584749717312,0.4372239202808978,2.166212912654316,0.016206395804132107
0.6381143079840913,0.4363319716988648,2.269628568010987,0.017249352225531995
0.6216021161914208,0.43920353141537516,2.17217619118544,0.04678815072412173
0.6233627970003628,0.4343339714880963,2.1390163684281,0.007036659209615664
0.6227101777051184,0.4328456360232433,2.207716825854623,-0.04363843777526887
0.6675689167947805,0.4317965040728515,2.2347811225434326,0.032985308524811685
0.6086926708594964,0.43726177482789763,2.0566637644663768,0.02287878914201299
0.6749826341546925,0.426949240455217,2.3016215193660083,-0.0003821738069894323
0.6087625785441995,0.43272008368286813,2.3697264287793827,-0.036461037006534615
0.6381063041966301,0.4334212752165005,2.19889485298152,0.016930513088441172
0.6285594367570514,0.4299499789179974,2.3860529694416375,-0.049794707414596476
0.6507067174667694,0.43334944412449417,2.2761043570308965,0.0338243648944108
0.6404156893875161,0.4370250248995086,2.2082014956798024,0.05838614912080945
0.6272327335172942,0.4378756385966521,2.131039396554213,0.03321831635123916
0.6324967068351193,0.4334989664570638,2.2339582341182176,0.004998613191747734
0.645222487618047,0.4327441171881619,2.160477539000247,0.05453263028040763
0.6425695479337176,0.4343306538191504,2.237308640417021,0.007259998384741977
0.622101442831546,0.4374421796432415,2.2755800014417793,0.011365502609423116
0.6260579139561775,0.4353216110228754,2.187830962917526,-0.004597108848331802
0.6411018017211514,0.4352543172871807,2.265879443540274,0.006098654000469423
0.6206901012504599,0.4346195511338557,2.2312044969712836,0.020936707169674686
0.640115067757937,0.43477359404088023,2.2135709762915887,0.04178656594036759
0.6503770599792378,0.4328749785130984,2.1237334184054757,0.037671631655602805
0.616370162195474,0.4374577402399842,2.1626150224942084,0.01975615770545851
0.6248949685701688,0.43843055649261603,2.2579060732337277,0.013582729700353287
0.663878127374514,0.4310697998263898,2.274814576657433,0.039660059273508276
0.6279230614401787,0.43476565764522074,2.304589989639771,0.0009282252289079834
0.6178512869088841,0.438065389793943,2.1061496062344136,0.05242546763008073
0.6369978046051791,0.4352457620523153,2.2305701117915966,-0.004964919321848283
0.6431437388939237,0.43252428743266474,2.253185894089682,-0.006844692059073118
0.6379632641863844,0.4302505013651227,2.376225007512217,0.0047897263646022835
0.617589295419862,0.4383284100308125,2.16460669168667,0.015470049437486056
0.6415258371800349,0.43200734365081395,2.273945157313987,-0.0025803595375831784
0.6348955631491551,0.4357927862239997,2.264882558902854,0.02540638376393253
0.6281595515883116,0.43424686767285814,2.2932149378641182,-0.018850332147052194
0.6194141240654176,0.4359301473602783,2.232414221088872,-0.01280519469230177
0.6286882318127931,0.4359665932293575,2.144763311573007,0.007952287576275701
0.6125425919081665,0.4348709366819294,2.223898255793662,0.0019718824646944907
0.639059449089649,0.43397018673461557,2.140751922406142,0.046419388944771725
0.6417657270349721,0.42994725810741724,2.4493661127902024,-0.05787873752859437
0.611718045839819,0.44100749558622143,2.21504446287465,0.04801465299557281
0.6315424881244514,0.43346311329392345,2.3489407730578056,-0.00944778406730277
0.6399165574685554,0.43031226096316527,2.2105832033826918,0.009183566011963363
0.6075743839761272,0.43592702783313353,2.215968877913101,-0.007347474105176103
0.6075296230199575,0.45189837725134896,1.8497323104045647,0.16390075013330893
0.6698409824379472,0.4314873084076966,2.4461674647126297,-0.033061851770762915
0.6224579894115787,0.44113281977774244,1.9878422426277504,0.08178484433575804
0.6525308695525588,0.43453340065176627,2.3157991911568794,-0.003215524030852124
0.6461141354052679,0.43627203679377546,2.1621264592309153,0.02210599301476171
0.6173989484788466,0.4404464286362873,2.282735789761294,0.02705722301666951
0.6134281916832761,0.43748365759196567,2.0787023423650766,0.03830865603486437
0.639443097006047,0.4336805137142318,2.259043973128089,0.000688659312883161
0.6414437222856851,0.43528152418554095,2.237601157373859,0.021941173784682567
0.6318527949113348,0.4312120262897405,2.146240264936624,0.006871375508066156
0.6441268172945465,0.4310286049586324,2.190745708331596,0.005721833335255262
0.619798443046793,0.43759164697836067,2.2817166426034556,0.0012599561408441614
0.6426937871181911,0.4326482918691135,2.2135438001210592,-0.026700584737363416
0.6029197327573426,0.43636974468060263,2.2529156553478384,-0.016877913251101124
0.631654872379454,0.43538357560854263,2.3635253639815574,-0.004755993175890369
0.6229610776218237,0.43250641912084486,2.2793951779300503,-0.013353582602037313
0.6373455458208532,0.43547790085893856,2.2407369132009043,-0.0045952521478243216
0.6333282396569478,0.4288424715169436,2.3458537135015947,-0.04119204107294439
0.6158206544758733,0.43553738985180135,2.2713269607296587,-0.02451548508658041
0.5987740614401462,0.4404951296584766,2.0537121273142844,0.03508249641706662
0.6204902189046111,0.4395773382922774,2.1011736117757747,0.04704276720897904
0.6110613206752538,0.4329085711508022,2.135120814215343,-0.008414327718319493
0.622040061322977,0.4338223970846981,2.2153413330302336,-0.038548630718702855
0.6046600275884083,0.4413141109097277,2.0890223602439,0.053153820484645314
0.6353466840839369,0.4377631404888727,2.208901490632493,-0.001770074041650136
0.6312286152423783,0.43221572585628626,2.3159095604181195,-0.002446099492830199
0.6264170806330239,0.4391912249811732,2.1080319136743637,0.033477735456258005
0.6497182650220068,0.4299880599102653,2.2997402180054105,-0.01407803336003184
0.6153957330270131,0.439217890316216,2.1660994353795937,0.0036167371410114947
0.6361064517036786,0.43384029439973437,2.3730188093713935,-0.008760700441856928
0.6358520930767287,0.43645476970207553,2.2691432945567422,0.04321243020643091
0.6118199793044651,0.43616798712416127,2.021829350537192,0.028647913731880626
0.6345122863870067,0.43150234159185635,2.1819680540378337,-0.0036011261560189257
0.6124765819601973,0.44512800792560353,2.151627631603387,0.0444973567487806
0.6367400889648942,0.4375721930300985,2.176771709782158,0.043604278207466214
0.6305408122972862,0.4334504165232579,2.3281604448722466,-0.014080170110597047
0.6260474144281634,0.44466497317110887,2.1373526380104644,0.05752738754277854
0.6366573670686072,0.43574674137299163,2.3998052829779377,-0.022492774497532515
0.6111354172856127,0.4382149821683303,2.18187170917531,0.00630002257555258
0.6336769484719904,0.4269233977864894,2.278648707513471,-0.04853945377918682
0.6481086224566357,0.4366419179149026,2.088810263242634,0.05913729705229633
0.6188650615319751,0.4384052532358247,2.189827759507739,0.03736046480452718
0.6442362018637191,0.43351064683382345,2.318161930497921,-0.019450638606088415
0.6292356867960878,0.43326767099777624,2.215825980780296,-0.01312480418690484
0.64209258345568,0.4307753118338031,2.264246958852761,0.005450094818236426
0.6287278126378276,0.43425045156570086,2.2017784142098824,0.01095277511098406
0.6181335058469902,0.4341869048636153,2.1380206037557117,0.01737922063342356
0.6312651679793815,0.43535426685632095,2.2092120346710726,0.019325560063589528
0.6222327231895037,0.43743679182055584,2.138707636285219,0.015378330024070797
0.6517123036254823,0.4332572113934571,2.277911983901791,0.017339183403959374
0.6260484228465889,0.4385557872210692,2.1818638419896503,0.046181028645593696
0.6359537560546574,0.4316650090384914,2.2310249116559646,-0.008058662348044922
0.6180530926148009,0.43454874598082793,2.1322342181034677,0.012540481091773878
0.6403320860347823,0.4327301669649966,2.380273987876423,-0.01094777455333176
0.6153342446778981,0.43471652356956986,2.1184510124421743,-0.013953480950214455
0.6339316132077677,0.43679750830813063,2.3268636880832254,-0.01372065649912554
0.6181399298112994,0.4372995576295494,2.2587027713789865,0.006184354459553761
0.6163259802623207,0.43558012338494195,2.235023748786334,-0.009112975788825755
0.6457943411056177,0.4281589848523254,2.218249432051431,-0.00945748730330046
0.6490697528794918,0.43378451319100975,2.227954293816346,0.02853909234782457
0.6193148074360865,0.43632825524849894,2.294381055586675,0.012886468311711795
0.6321933872097707,0.43156453576791026,2.3585686615985346,-0.06402852464727042
0.6194060291388258,0.44264376664062893,2.2376401998207673,0.0012032640145668246
0.6096828023620858,0.4427881774774894,2.1863916364529787,0.03785130464250941
0.6546739644272379,0.42836509373956133,2.2147481976775962,0.031222740732429977
0.6229856717968738,0.43226084649817603,2.2379205634045647,-0.023068412999732325
0.6292317075522884,0.4351662950840239,2.320326274881488,0.023737853782572073
0.6557280948888936,0.42935744258237707,2.409819544153264,-0.017527466349682625
0.6453461374049984,0.43650912311808243,2.1382466457028477,0.06538206995596887
0.627098381740513,0.43535641455579094,2.21645127664621,0.0007278015057676463
0.6224993284601433,0.43522344275271135,2.22272117359451,-0.03584876753438869
0.6527617297116337,0.436787492687674,2.2262338781834012,0.05074009645294843
0.6258430047886027,0.43779478814406875,2.150023659839417,0.03417828777596136
0.6290650417592621,0.4323259881636242,2.220049547225627,-0.008643118591034078
0.6224947059814465,0.438329687181163,2.25873844075488,-0.018049036613877956
0.6460809327851859,0.43638488022401406,2.121367811053717,0.07246159848473567
0.6156953545444657,0.4343774422849314,2.2303643179970387,-0.014041014021649327
0.6374036219272067,0.43190477706847624,2.2579180330638833,-0.014129039632188704
0.6392331325748658,0.42854630646445085,2.324952940827416,-0.031513463052433056
0.625165626006293,0.4372499863734164,2.1945601460894393,0.01680632783992828
0.6182324888757416,0.4315087552244773,2.241754539167861,-0.048874068456720654
0.6403346242472547,0.4348976003192924,2.2502079577881444,0.013028316221723601
0.6192669660633219,0.4349953787244748,2.324739383350338,-0.009382795001355245
0.6215466058801916,0.436181668899711,2.307462583025128,0.023668441101965608
0.6238102781565432,0.43599613922742614,2.2228327883116594,0.01768046009825843
0.6280402559716344,0.4363378781862907,2.168397828662453,0.04219630264278798
0.5946877010808684,0.43997172896442105,2.0442825850471884,0.02807829737544764
0.626256254819568,0.4344021482595749,2.2282262630676044,-0.009949723890540448
0.637376546828782,0.4337375944859009,2.1218411264578725,0.008152669673741368
0.6254588325216142,0.4352018999228993,2.4502758831151112,-0.0447953838310968
0.6471629094177417,0.4329269473419368,2.4166768056227004,-0.012559688428054655
0.6234104366632832,0.43377418542570473,2.2168473009700445,0.013815586430303874
0.6202244820606908,0.43365543276818297,2.318583140723878,-0.012754390974377354
0.6359898657288631,0.4316612599716118,2.3234551386751807,-0.028409513298621916
0.6367030824607315,0.43483416770087585,2.19590663892666,0.02992774961034671
0.633495521405392,0.43183189242676184,2.2355241825251557,-0.001969451615763639
0.6162449091453379,0.44033409976641047,2.125258901900113,0.02898644286434218
0.6257710611159587,0.4312945752496469,2.4647443652878818,-0.04924317007970195
0.6501962149832733,0.4292803461508577,2.127434591802677,0.015096194822313426
0.638097079428625,0.4358372586703839,2.3428384283577737,-0.004778694802127341
0.6392196722636053,0.42640736333792767,2.4085021001933176,-0.05863792646182545
0.6355752250006165,0.4310898472252962,2.2698936060305956,-0.005692862506018602
0.6690610563250112,0.4328777126474949,2.314349741633174,0.011614291195592607
0.6348711666671594,0.430344165576986,2.2758365287924653,-0.01852665313031881
0.622966650356017,0.44050304575519256,2.185559957431989,0.045043667223565384
0.645397800480351,0.4362084217385209,2.232455341350202,-0.0097393108584394
0.630341083655115,0.43185612376628446,2.19858543451672,-0.019375719231230597
0.6272867432024306,0.43871835308040247,2.0330605071001027,0.06485822237931384
