a,t0,beta_v,z
0.6567465850394707,0.43642357843289487,1.0497767586448552,0.01776710991384442
0.6463018813558847,0.43466993840484625,0.9779153393343899,0.01682285913277625
0.6478968721091897,0.4365580892088207,1.0992925613463678,0.008059488055250585
0.6276049338434834,0.43724390798649676,1.0306017634525892,0.015609283874690209
0.6264576585191649,0.4356887851263879,1.033928827037818,-0.00121481942517762
0.6587573588981938,0.43332250540140593,1.1021821193311374,-0.025552143314265297
0.6679804232349159,0.4333430751142521,1.0341225093386326,0.018806116714654066
0.6449948282889707,0.4316513151426824,1.0059269700773361,0.005051902364210637
0.6351750477654411,0.441810936997786,0.9103168133616323,0.12259750357473888
0.6356387213242987,0.43850090332994285,1.0055907625402172,0.003027946981924894
0.651790255223071,0.4372809079824022,1.0411016408672966,0.00027674525432898887
0.6518279116877672,0.4368589656666325,1.0259536827382907,0.02193917718471901
0.6181901806117432,0.43939752031525575,0.9851433181697583,0.018218366335128463
0.6401194912515232,0.43618357453371076,1.0336762158184083,-0.015009904880883175
0.6351133974511352,0.4378632445420514,1.051525811373263,0.0009721969852212709
0.6437193815568534,0.43536398834752715,0.9809755329364704,-0.004163054199114939
0.6469947426298192,0.4385911632855513,1.022982599735493,0.00451823613686648
0.6443320057242451,0.435240773524759,1.0454531950304087,-0.00790592424998352
0.6491419762807233,0.43579809735276853,0.9990453579765917,0.012814236669693177
0.6267852516876732,0.4390072712570085,1.0250077663195958,-0.004130757777715754
0.6629419587761192,0.4322238588444653,1.0016623361483177,0.0029497972013536266
0.6433002496833399,0.43540315056624906,1.0909846171452315,-0.025659276804241953
0.65173821597238,0.43619053253324297,1.0232540246845236,0.02368940926028618
0.6186127056983229,0.43988405563406086,1.0806785041482734,-0.014336724012376147
0.6424227665138742,0.43893056045974344,1.0760136565103449,-0.008827181187099175
0.6489695488729873,0.43780760937084173,1.0720590021584697,-0.005669369707905385
0.643130850631067,0.43732579035071945,0.99133758770286,0.022341468289002457
0.6627596345650528,0.43204552052936607,1.0069874094356857,0.023204418628428987
0.6422969893568307,0.4337587859337395,1.049354200786771,-0.007383893292349155
0.6352963528685026,0.440511163859367,1.0458790429036615,0.021883835962066008
0.6483850881451555,0.4363429684819997,1.1014721536959813,-0.04331741177349106
0.6380646858363691,0.4433082438660156,0.9331977438278574,0.08053858453010342
0.6602509097842704,0.4351666807829374,1.0220136156316502,0.005594027161634484
0.6452753891528771,0.44113554723157644,0.9996271756184657,0.030670652508027935
0.6362326299830795,0.4370359062157921,1.0553889728884494,0.0023297874586680058
0.6448034874674553,0.4337447508540214,1.003889229668626,0.01893312234041694
0.6482868898261803,0.4376426707387282,0.9663383740917472,0.054235683595017334
0.6381004208649832,0.44212084838163723,1.0808976563075843,-0.0157301856952297
0.6179840949875156,0.4375165466115057,1.0210083468467042,-0.0019456118607455457
0.6524742415101781,0.43670109805687596,1.0187544813165388,0.01612715327662823
0.6204062955874863,0.43753868727906964,0.942503352143388,0.030534537997614672
0.6887723802775759,0.4320276415512773,1.0484933942495784,0.009469109884452327
0.6419506525143651,0.4343799580020681,1.038950901187448,-0.02923094338328941
0.6479468892893321,0.4380572400605811,0.9860170725786784,0.046698767597093786
0.659991112746629,0.4365686395457843,1.0125179159908164,0.022225184913343604
0.6415996975421924,0.43493544905340153,1.053230197512102,-0.01670395513454905
0.6492786388998986,0.4347999885905607,1.0322369577609507,-0.0026373493029292023
0.6486197447066944,0.4276522518712108,1.019529179051248,-0.038257726626686896
0.6353422954707949,0.43698641784659725,0.9896335682160851,-0.024322073718162415
0.644952253926685,0.4389143401462411,1.0762413791821241,-0.005387345222633547
0.6577772616070052,0.43641959133046276,1.0234830670438744,0.0313082711229509
0.6301208628349432,0.4358870641516952,1.0418015282154576,-0.03867523647331324
0.6576524227794122,0.4325572114766276,1.045236699250484,-0.03150153550780749
0.6440323134406438,0.4317040116322187,1.074265175101664,-0.0287546053575607
0.6219116350658159,0.43762264969734677,0.9986269062614948,-0.0004400775202898313
0.626948313621947,0.43942312228035185,0.9563140127434046,0.006862440151586378
0.6470120297892042,0.4331002050830878,1.0461288286615673,-0.04190231428876152
0.6482677274592316,0.4320131518433925,0.9847255046051745,-0.02261711159355812
0.6285643950779989,0.44048780208546573,0.9886520943791528,0.009931196293135556
0.6348884761172062,0.4363410213529546,1.026774269157985,-0.007952794375142602
0.6551874917294053,0.43836049283300005,0.9514733559268872,0.04800271842107051
0.646197287847594,0.4356193307033543,0.9646601397181543,0.040316959402208974
0.6230028765570098,0.4427843050814058,1.002660141706146,0.045166375720549774
0.6827068012328175,0.4317756079933369,1.0157621559552794,0.016906418574824174
0.6273484882148118,0.4360055906810991,0.9949485648624635,0.009387388654537896
0.6301932226938648,0.4402169332001543,1.0026579334510404,0.04250492608357263
0.6085540730219738,0.4428928178401909,1.0498419033365725,0.008800382230594584
0.6154304068163718,0.44436208173948927,0.9792278917041007,0.017779445198994864
0.6262577122937026,0.4425809732721279,1.0002772332273249,-0.007485647309135042
0.643186769002585,0.43314222172109207,1.0261895825033158,-0.007523374355286261
0.6487977514695402,0.4321745492323469,1.065493659666959,-0.043280699034615615
0.6240763503354595,0.43795421823188396,1.0011307291810512,0.032090280173421616
0.6524488747192643,0.4380024926917719,1.0321933904248053,0.04816309872387091
0.6443539982575636,0.4351295258035777,1.0310710129660348,-0.022847333148609816
0.6163131281609584,0.43871640881351054,1.0294444016869082,-0.009773423959129767
0.6442920028467773,0.4338877887362098,0.968978008779241,0.03272220753528927
0.6508087564224816,0.4363001965325152,1.026085981630209,0.02463446531773963
0.6728221191422236,0.43438342023097865,1.0387317167825787,0.002839878690517196
0.631148372131601,0.43873007609877157,1.0792467223485636,-0.024124535078340465
0.6301147811360404,0.43689152942762505,1.0311587426050488,-0.004565923674771279
0.6472661797547907,0.44126477243739987,1.0165937449901632,0.02847625588225123
0.6436664683737445,0.4372391573458017,1.0570467545214473,-0.02706932248974593
0.6560341850026185,0.43206768761370984,0.9924295434187649,0.007824046240587145
0.6576420608848341,0.4349648088912747,1.053067694511757,-0.004370139404835309
0.6280399648993482,0.4402494001416265,1.0044783211619863,-0.023554438755203654
0.6372430726248451,0.4366694353447394,0.9825283399434721,0.026120313273411806
0.6614020243263354,0.43391154309057756,1.0313207343232456,0.007782222073559965
0.6278185193177164,0.4368648755131894,1.0111710327274364,0.012599903646690662
0.6535745406588025,0.4370436955574646,1.0371959858406912,-0.0003101167047601578
0.6494085854710234,0.43537248592227284,1.0105361348992992,0.005202683922405125
0.6444480088761675,0.43631810056825315,0.9946775741253047,0.025617990246271805
0.6422704244718631,0.44200006043982165,1.0253108970998788,0.03302703184572638
0.6232584666639367,0.4409148753263297,0.9686241551315479,0.04452709333911903
0.6412653493622443,0.4346191179620318,1.0369464444948058,-0.03191242289312962
0.648608706116585,0.43322319973955364,1.0546179321358866,-0.03010126157075788
0.6544699893086895,0.43606520203510407,0.9988148805710837,0.022560007899740296
0.6403409361167267,0.43542728118326596,1.0245287180430567,-0.00014561644150129776
0.6148789915465009,0.44626073046782305,1.004160652928419,0.030962609637068875
0.6127950458980927,0.43962972116014687,0.9900076848030835,-0.01647234159543561
0.6393759532872685,0.43619809090762696,1.07706564387715,-0.019483132052574275
0.6363476966488283,0.43421084648359554,1.0393589456917354,-0.02159972024914886
0.6133471348509484,0.44083603538709565,0.9432781133844511,0.025784427747929158
0.6452956612833525,0.43155444384150843,1.0059889691459771,-0.0329979652904532
0.6382612069485768,0.4316405862995861,0.9630187418588946,-0.021419788939383344
0.6816620857319712,0.4333319554885012,1.0345321828362044,0.020177138106438463
0.6654433278380991,0.4362926397726532,1.088529322175453,0.0036679143025860166
0.6343096484435155,0.43719603229208814,1.0606437048792905,0.0006551991191861373
0.6392246830371655,0.4386166702034141,1.0048669573740563,0.01658774973742351
0.6578328806347792,0.4323913997409973,1.0365797072490213,-0.020503140211244938
0.6426863437362548,0.44069739565466043,1.0273630197666481,0.01004984391208927
0.6471681555866194,0.43880598847652447,1.0806345888906779,0.010206795165613266
0.6405954823497805,0.438354808560672,1.0528882382508216,0.0006478917545483691
0.63991875343183,0.43716689787251595,0.9982806348987094,-0.024219641434286888
0.6267420486174322,0.43786896319754587,1.0101327156536268,-0.01732529577800356
0.6424794541537505,0.43479537227331694,1.0250776670357598,-0.009145747856193933
0.6563193287969629,0.43490951517207754,1.039879677989347,0.00020509676996513697
0.6435461360313026,0.43239757047576055,0.9871976627104443,0.015773053053856612
0.6485141745890306,0.4349344394516826,1.1110337877712657,-0.0453895426196992
0.6653745145257883,0.43390974914243907,1.0921382261809018,0.010676513917211347
0.6741525513580272,0.43051697756030977,1.038500452041708,-0.025451342094470922
0.6481925170629264,0.4348378239612953,1.0279146468015523,-0.006274694758277816
0.64357074185185,0.43593711667622537,0.9661862456837418,-0.009256885102372596
0.6495729159193573,0.4328033970786729,1.0325976111566122,-0.011977951080145136
0.6372011300295003,0.43446075962881125,1.0054651306917521,0.00030206460324419196
0.6506707136491285,0.43635068913034364,1.028185689508744,0.0034909413610818996
0.6379827288690947,0.43502237950105954,0.9987306008381144,0.01760577010607542
0.6320551746813234,0.43966039259458567,1.002696449767662,0.0347724166791452
0.6432118701996506,0.4378945914843285,1.025083895938805,0.01742375374887866
0.6376061423256417,0.4422835706423427,0.9369914231642021,0.07966576023421022
0.6564377165532219,0.43697565211859507,1.04456856184816,0.026849560822966332
0.6454542539424285,0.43720316104751544,1.0387707872256489,-0.042831540565297185
0.6365882250493706,0.43930316850169654,1.005527695834963,0.02582119233229419
0.6407838040994666,0.4344157114504071,1.030736870542056,0.021016000455953355
0.6168982913715707,0.4404487962055314,0.9857573784258202,-0.037700123925433086
0.6137671309071329,0.4403266247950898,0.9331096002107964,0.016352978833581524
0.6706184789792767,0.43229862188129503,1.049226341358685,0.004939340959841997
0.6511181891583202,0.43754028906585285,1.0377204783802825,-0.0006774805635531287
0.6477867749387831,0.436046188652959,1.0508139703648525,0.007249210783861315
0.6417820108003249,0.4360683855714137,1.001853228531522,-0.003031854252498157
0.6487563989706469,0.4392893904035435,1.0199156744184081,0.04429490125907172
0.6569223791101171,0.43846839364020335,1.0454533245110933,0.009882314416581224
0.6573186947756849,0.4349819521791475,0.9577454993405127,0.052027879837023824
0.626589473262577,0.44094644189812104,0.9875023717172132,0.02285971658265857
0.6565726861405056,0.43672090106550443,0.9829962298153884,0.04251855228879636
0.6424142076556685,0.437391684112984,1.0047590297212292,0.011969666455763152
0.6482334738761676,0.4417429409750069,1.0144235344312358,0.058328392153187136
0.637643258612649,0.43875625172300625,1.005309050001957,0.033578997624129255
0.6414181761417457,0.4341685177551153,1.0093493846372017,0.0030248180360740243
0.6537630872511968,0.4310404485753672,1.0790116567897274,-0.022165987021591095
0.6534984781771197,0.43392839493937396,1.0319742703659742,-0.0022155622018758133
0.6587746136753866,0.4299319098318347,1.0442248877840574,-0.03353857728583406
0.6461245272947695,0.43248683355205025,1.0174132736335437,-0.002981255198908246
0.6454113334244803,0.4347397202198727,1.0250178048379728,0.006292782360379447
0.6344064287436093,0.43496694420401266,1.0408311728415491,-0.018633558301649495
0.63409230697485,0.44194768610734997,0.9699845802454513,0.03495773803141724
0.6332995553949214,0.43600967229069837,1.0183931833870503,-0.009464803717215598
0.6453377697595524,0.435754346795238,0.999234170736406,0.024326519540294425
0.637772922070274,0.439907365837572,0.996945236353081,0.03285794682116027
0.625368539839628,0.4414532436354064,0.9863825887610453,0.038010474106165704
0.6490841727292818,0.4349720563186084,1.0284664567188435,0.006961549614992095
0.6538306689929557,0.43599577825658203,1.0104871291798705,0.008461967566101541
0.6322327452353711,0.4326634961948607,0.9968627999874062,-0.017056502944067343
0.6386967520829069,0.43270626981763116,1.0115437350524732,-0.011563744390447158
0.6486460678898793,0.4304389807309206,1.07830299019203,-0.02748577525453186
0.6298083595020515,0.43538483245892007,1.100232645352956,-0.03218199090005648
0.6434655222774422,0.43996126074926134,1.0258864438800621,0.010571782638922297
0.647109044799451,0.4409598721908717,1.0361785844723044,0.06816703099237646
0.6324876197867509,0.4381743878634894,1.0695475261973386,-0.008884793558829637
0.6160665730873364,0.4403950207437234,1.0054162000935958,-0.0025266207190267577
0.6226175463320689,0.443796723983134,0.9447138840792256,0.04403941203805063
0.6406666771505442,0.4387522779397012,0.9927619578587894,0.004312369732437612
0.6528542621102513,0.4321948011668614,0.997648909111254,0.004365077679501804
0.6334726555504798,0.4370353658270956,0.9494442375476304,0.015064558104852719
0.6406733661268915,0.4353914196899064,1.0542983971787778,-0.009181361874410448
0.6525309555130996,0.4352791289367126,0.9955084178176468,0.030556103216508156
0.6654123731313573,0.43539479380088786,1.006009108957235,0.03021217448617417
0.6537992965788181,0.4348915656443269,1.0506332629419177,0.0010937375361073753
0.6444372564846731,0.43650113511354255,1.0614526356798155,-0.0206849558454977
0.6650691199557988,0.43259016611925183,1.0806158890089237,0.012657200458479146
0.6432161669255929,0.43766651950102187,1.002632400638319,0.029861293904912527
0.6415312544084047,0.4365274074343113,1.0520384636020026,0.010670580091996014
0.6383321053063542,0.44161184640322243,1.0288450194005565,0.04026387730411255
0.6410967662637984,0.43660577614355295,0.9733841844588978,0.02456542656898397
0.6423579013029069,0.43688247274755976,0.9631807840711987,0.004302281671969565
0.6427907401565905,0.43572298918353836,1.0390712714002888,-0.007640709921237872
0.6631643885690376,0.4328325712030257,1.0971628095212207,-0.020973077848244596
0.6393347881116194,0.43829252260745344,0.9584993909528091,0.05234091703318387
0.6400780101529113,0.4381363473429256,1.0576567536857517,0.02162092330970179
0.6273437559953996,0.4364756691229445,1.0504904063379006,-0.01908411283248836
0.6553555138810931,0.43748962155519155,1.0258629666737926,0.021740348407086635
0.6457183958603752,0.4387561348951382,1.0534699236367513,0.01708761217991826
0.6434270017471367,0.4351521537956362,1.0787940724859422,-0.02489608843372057
0.6337634370634925,0.43505567779889054,0.9915770099660652,-0.015001080965908804
0.6707586884902706,0.4312281665840255,1.0845765649366024,-0.021065554655765185
0.6311068293710134,0.4373402046072084,1.0134192418378176,-0.013373212871300444
0.6527245492793807,0.4364700011051714,1.0146610057901793,0.011999193681679872
0.6405693153409995,0.43619702521326836,1.0389766893330068,-0.009747586541922527
0.6353443758758421,0.4373492511199043,1.0461279199581683,-0.012126366808754157
0.6180841027249466,0.4393433855826347,1.0270423345941166,0.011904763732590992
0.6415523189387181,0.43904792554070143,1.045618826324381,0.01518731812316885
0.6456099583727247,0.4359280866369667,1.0219229302938238,0.019400046276894223
0.6486442756101406,0.4306209407467528,1.049473302931503,-0.03510029371712019
0.6249309587736943,0.43539883191760065,1.0380357247185452,-0.0119527546202435
0.6697290261681096,0.4306775997815414,1.0281315157102615,0.015535074894355308
0.6269205028353971,0.43930432800477426,1.052714876262153,0.012656434451943657
0.6499741829430353,0.43472108022219663,1.111265604300406,-0.05207520114811117
0.6569071383037343,0.4334263559549015,1.074234724272614,-0.06696058500614739
0.6205842665600091,0.43972951914039854,1.0130415077701016,0.016108129727190477
0.639443645511943,0.437067988820251,0.9999926729350712,0.03777754074371872
0.6266383918506655,0.44510321095457,0.9897608676493733,0.03573410084465639
0.6373459140570104,0.43654791710842267,0.9875339684674163,0.007497459290160994
0.6652221431055199,0.43157549690606517,1.0587824184353705,-0.022551560727848537
0.6542003535806511,0.4352295805840917,1.0298486002431007,-0.008567012757358286
0.6516415484877394,0.43303208478747823,1.042083554034301,-0.0479021457665621
0.6521402812998259,0.4374398751549464,1.0079137299789755,0.008697800315756685
0.6273258365027116,0.4346328795937596,0.9674853172975163,-0.00316057380928885
0.6426788903633037,0.43722448219369114,1.0230533056266868,0.025143595133731815
0.6276210110201303,0.4372813138474152,0.9850384542962841,0.028631993377785027
0.6599160148748396,0.43003663441440465,1.1081722355095043,-0.04314265478932063
0.6216213266641594,0.44035636103578457,0.9808847816058891,-0.0035116652932710877
0.6173151799868922,0.43999290988095,1.0331530271681055,-0.00398014464718841
0.6409971871148796,0.4360606845431468,0.9808515451535934,0.009981656616867047
0.6620910456123766,0.4335950660693473,1.0437472396788194,-0.006679297365684326
0.6442837747230701,0.43867111360214367,1.0606625841667257,0.0073260385079419125
0.649172528583075,0.43928072619014275,1.0648417620167487,0.03936540337280985
0.6666641819088418,0.4332102472458123,1.0146176577737918,0.02400139371712716
0.6601351847676138,0.4362812218788013,1.0636727952181355,-0.006332538255079417
0.6361930276342624,0.4361348372940876,0.9858761117104734,-0.0022797853465342938
0.6334010675703285,0.4377243368274897,1.0075363261760886,0.01432862867730741
0.659537753180027,0.4335079015963275,1.0638511545515408,-0.010640544407974233
0.6375420239022979,0.4340769350661324,0.9865408158537101,-0.0186707492755725
0.6425323353199851,0.44315722880537856,1.0092707977943058,0.08333804190551254
0.6505787243148324,0.4366516818798176,1.0870273926614624,-0.022493016127158767
0.6508545439600921,0.4405660026426863,1.0387076390613423,0.014441211655565837
0.6356104309311855,0.43918484240740996,0.9544183796305696,0.036241452448209276
0.6729876441029933,0.4329771061502921,1.057285667347263,-0.003438908815223013
0.636610590140855,0.4395062503679903,0.9473691109265687,0.05321641897533296
0.6323788534383668,0.4319521574934474,0.9804593993136833,0.003098038537701214
0.653262014340823,0.4336836784260498,0.997350855045588,0.010016591540908526
0.6263120488952424,0.44058412575462996,0.9733906770628727,0.028012056764172684
0.6355542143071412,0.4345966651537586,1.0512299075388576,-0.03704347992015416
0.639295144897376,0.43589227517036455,0.9880112274888528,0.028798917060894266
0.6559230015577616,0.4354416005309624,1.0393744935338325,0.01818227979468787
0.6216692936912863,0.43754895270167316,1.024720652167203,-0.016303582159707095
0.6548608636052812,0.4364850801312073,1.034362920394246,0.015771330030939928
0.6528082667882126,0.43509538516648383,1.0213336439560388,-1.1392952246926407e-06
0.6256665092383685,0.44365693851296795,0.9942974708483072,0.033553490480157405
0.6439565438863858,0.4399735355663219,1.0235933251150688,0.03004573664878305
0.6294849701620145,0.4380635631281589,0.9757882618351096,0.01523349606694203
0.6297638978451146,0.4368900578106219,1.0195346577726543,-0.026577378183526755
0.6497249971829966,0.4360048677498995,1.0008497787585668,0.0036119726433898624
0.636559643381154,0.4391827679684115,0.9984421331200176,-0.014114873050522043
0.6486521813774928,0.43544586784667033,1.0626881295320105,-0.01750285062783665
0.6407261788271765,0.43832875163875246,1.0173418288208382,0.02647751964863894
0.6466381205316658,0.4345705427926086,1.0264863295511457,-0.004616479911154525
0.6758763646133304,0.4297508151182197,1.0253498073296183,0.011703587984215773
0.6497779292317233,0.4372594195643866,1.0331459711280024,0.017249884980700264
0.650550132751589,0.4374341016277886,1.0250487228463572,0.014883673342250851
0.6451726732254072,0.4388651746298979,1.0237083833228269,0.041919130700097375
0.6232596948596018,0.43513344505594787,1.07983661843163,-0.02761235586350725
0.6401445056215888,0.440269180879462,1.0289729620438393,0.017760418948811856
0.6271418840613419,0.4366734842740938,1.0098943657506179,-0.04677407389961323
0.6628075059297927,0.43135903767003514,1.0100852556612898,-0.0068756859716265556
0.632739051802052,0.4346916140141047,1.016652856397141,-0.014594979655361379
0.6529373621569237,0.4352930117725741,1.0130764468938218,0.012603238406935221
0.6500369353889806,0.438770787255572,0.987969534714913,0.016323952303618695
0.6464230699208579,0.4354660868886276,1.0328320081503952,-0.002244540827125011
0.6625553087855662,0.43811941843582625,1.0486945627355333,-0.0036056276833408216
0.6436459673287006,0.4302974801208235,1.0133785347745103,-0.05455828643354513
0.6320995627676391,0.4419120288375849,1.010326872813446,0.010502299210740796
0.6448140296841084,0.44063039005183685,1.006663124678454,-0.010014179172847812
0.6519588055715635,0.4337025203594174,1.027757855035771,0.00016609655863505544
0.6271325259352631,0.4358716627410919,1.0301446199131412,0.0037101256803380367
0.642619024646175,0.4360864406811736,1.0601257479582966,-0.00519128193634219
0.6803366806226194,0.4340708118342291,1.1317387307170337,0.01911478784720485
0.6330016912528351,0.43582081713213777,1.0076902513821147,-0.009452137900188005
0.654454458008554,0.43705057611538384,1.0102573125292371,0.05448979942236571
0.6327387000178647,0.4383258385591536,1.0564301643663303,-0.0290184597355008
0.6262189398435275,0.43847350624510123,1.0274421291043503,0.0011038057487730052
0.6502147161023376,0.4375347627571113,1.0213317976811924,0.01634687153140106
0.6326976678794812,0.4387501363476658,1.0539822817548616,-0.000931759556771027
0.6562294042905873,0.4365225211469127,1.0191503773254473,0.015269440613292629
0.6126262804139372,0.4393478142826459,0.9913586080366863,-0.013666557218369848
0.6384723272661337,0.43912075202541373,0.9860745615517081,0.01703436116032101
0.6579561648012092,0.43619683197660863,1.0530735768204131,0.03349270356592133
0.658366471290288,0.4340412445704662,1.0053885942668344,0.0064029279997352565
0.6576258833483787,0.4335362899200101,0.9891104717678645,0.0017008181987445857
0.6550350448001326,0.4331890078990977,1.0462247267345215,-0.03732576065060816
0.6359964257860746,0.43893526450609244,1.0366146549672202,-0.011839179539044717
0.6500384411592661,0.4360692916223238,1.0183094738202987,-0.005853663680281685
0.6420974801731488,0.435809669505814,0.9859355880367104,-0.005175044488145519
0.6258558931025232,0.43883082164742715,1.0077948963695957,0.0032094469846334042
0.6540711288315638,0.436456472462858,1.0788998406740626,-0.007983377290375184
0.6442581178464231,0.4364478622913701,0.9693535632567281,0.0375376781894775
0.643584242468872,0.4388215840424106,0.9881844718526893,0.02796190542640134
0.6508585340618864,0.43835922670449345,1.0138349160755322,0.03605973519613228
0.6490037538064927,0.433471003785477,1.0714956691101547,-0.006064318065910332
0.6326879816332173,0.4390487707803224,0.9851846158509003,0.03745885129149904
0.6527697375713313,0.43621547844101066,1.0756978091175486,0.016656802665693998
0.6591515339906583,0.43359930689143944,1.0565758264640235,-0.017310067594828667
0.6293344062866606,0.4361061740795757,1.0316346921856339,-0.02345587904591914
0.628844319324301,0.4391313288537369,1.0375369955150218,-0.013890768712534396
0.6613246644268758,0.43457672883033954,1.050774986703473,-0.011474556370477111
0.6464103329051929,0.43523069124330693,0.9973857857148797,-0.002624555112288819
0.6401197401519545,0.43630520348573154,0.9583689549573519,0.022217060824764278
0.6810959333495424,0.4320043733080779,1.0533606427588027,-0.02171974511073017
0.6619240020275599,0.43561510423896427,1.0680349431646599,-0.017919023707562244
0.6481607329612775,0.43248052623736805,1.0591443347266567,-0.06617773337497541
0.6375995517404042,0.4376110543731562,1.0285794090301696,0.0035731406602332078
0.6623906655910847,0.4341458708847609,1.0892791155221753,0.010329073320012684
0.6673521115507941,0.43167247310880347,1.0280967971064252,0.02879802758392219
0.6389272101061362,0.4334119673477674,1.0280489896291318,-0.04692236412611505
0.6438194799499405,0.43744565715354533,1.024482705983154,0.0028611887124272376
0.6183214924798252,0.43896093422446286,0.9698681541836486,0.0003536133494785734
0.6177434415246656,0.4351995382218926,0.9770153125976992,-0.005255605340462806
0.6366990704011756,0.4373693327537736,1.033163320384973,-0.020757721061553453
0.6344972596412288,0.43817873193391255,0.9722484882293922,0.035741424934754226
0.6434027144953842,0.4360430825387289,1.0487850321278522,0.0020207786529232406
0.6329082621521304,0.4381904704438692,0.9819921197994518,0.014362836344111424
0.6642404982258432,0.4350560715320786,1.013610034447621,0.045695523276859495
0.6459048338247827,0.43543195789343714,1.0341052878750303,-0.024843910642560512
0.6446706871707357,0.4368964450669396,0.9862597734240205,0.041876017564058704
0.6656115625073086,0.43495693409960945,0.9775937757747564,0.039864362260506055
0.6661412133545825,0.43418401814981555,1.0229285233727057,4.59309139076591e-06
0.6330353905983396,0.4381046504871177,1.0421796622611343,-0.014282366688460816
0.6171799995830695,0.44004179109707964,1.043709360230354,-0.008116195007936235
0.6340534798057175,0.4351139419214102,1.0073821327620633,-0.02693304886701342
0.6488907459036174,0.4422573892527981,1.0212982916396032,0.030579092098160794
0.6534478053216634,0.43739577810662816,1.0632946854956895,-0.015615005671093078
0.6385420809904278,0.4357587918259257,1.0740905699044576,-0.019980276621320046
0.6544929825814221,0.43441230887222637,1.0104803874892543,0.024000670604541793
0.6598445544999582,0.4327023996634707,1.0663355476242737,-0.020578256928132553
0.6405901407634763,0.43740932141318367,0.9928873443830265,0.024358805843516393
0.638306286219003,0.44013573094748776,0.9956268295497378,0.03062563854901401
0.6674950810827734,0.43086998009470207,1.0651657416485976,-0.04359039388342131
0.6559634308531817,0.4364816644470382,1.0156050718694898,0.023112240984247676
0.6100402256929368,0.444573464894387,0.9745281439066196,-0.003520867976704966
0.6350117008811003,0.44073391472452406,1.030309902405959,0.0155369311356962
0.6478394412537205,0.43467738040319426,1.0556808674097624,-0.022196867223499752
0.6371686989315242,0.4337896499173373,1.0872647990347755,-0.05867175024783523
0.6595723917921863,0.4313982447410114,1.0836540598893423,-0.03385784869578524
0.6285835203510014,0.43755474851256226,1.0460378981373422,-0.01180175373126242
0.6339338787889832,0.439566285417644,1.0240110528099995,-0.00714096571250536
0.6525912108261834,0.43669717604592967,1.0403894574863404,0.0005417830729016196
0.6516494713504128,0.4379223721425153,1.0660139324164073,0.0044240207932545825
0.6433498054532166,0.43278989545824514,1.023482709759416,-0.03286539442634778
0.6418414303862194,0.4343773075263018,1.0430556354182239,0.004867831465351326
0.6235519924129217,0.4419572982086573,0.9836166475002233,0.03683191637824056
0.6545875626319496,0.4351598756482955,1.0261219558561592,0.013128022081278242
0.6489714558554565,0.43641929451849554,1.0107122538353956,0.016158171316517134
0.6334197380973098,0.4326474208281701,1.0322943515747895,-0.012675889323991676
0.6329451644041381,0.4359621208981469,0.9678407749757791,0.03542557529737803
0.6305582399029309,0.43716951279545435,1.0189161481585574,-0.014416357052353314
0.6551598419786082,0.4355172307899304,1.002104355992362,0.013569555918856951
0.6365924789632644,0.43309382648861433,1.0547457456946197,-0.03986602050544439
0.6523881317586311,0.43828292383634393,0.9782256618821084,0.03233945498065965
0.6732806458350231,0.43224990501873667,0.9748526504365603,0.022860973956014854
0.6379737906806998,0.43947690622794944,0.9926053492768188,-0.00739875287745195
0.6489663442393617,0.43813033501286075,0.9788603534926631,0.03226624991972421
0.6544928933071271,0.434510435635361,1.0531615593212076,-0.02366046599721974
0.6644539212415917,0.43084917991043054,1.0062696728504679,-0.002099215183426165
0.6599914497729994,0.43484197134204583,1.0401666174731552,0.0034617978692789517
0.625303391299321,0.4388384643408651,0.9457964810305473,0.019991723813054668
0.6415480700549256,0.4369623149478501,1.0178501029010938,-0.005362976537714847
0.6533725435888996,0.430580599356646,1.0853422578063503,-0.04748829643759944
0.6409007958854882,0.4405241752798869,1.0563687663071355,-0.001196140494846198
0.657728906826049,0.43095821405180273,1.0674355255463044,-0.05247099158177222
0.6346308440520787,0.4374783868123249,1.0198715957942994,-0.00730562835873933
0.6323023475258707,0.43657987884816407,0.9959387104782376,0.005035912074863891
0.6763371478411477,0.43454127293852834,1.0981510030387318,-0.0031991192212915145
0.6449498088835176,0.43745113519052115,1.0834664182640679,0.018599399987697017
0.6322400101073845,0.43798840655098614,1.0384001602428063,-0.01636718420631175
0.6635427497867844,0.43679651111414736,1.0015476166900512,0.04016347063423609
0.6524450114679032,0.43178626656918606,1.0585721606149578,0.004804024349935763
0.6231686271892714,0.43636639905494906,0.9696216061013516,0.01669695612648466
0.6078536880593606,0.4445958653095373,1.0014456812609802,0.020108904862394843
0.6381680686009187,0.4403123379348468,0.9780461059740111,0.02548852826921197
0.6323906697223715,0.4419659533047514,0.9940804779415562,0.03559507326164102
0.6633882677617031,0.4330438540699232,1.0466239694389157,0.012016514040721932
0.6413487861030227,0.43899311998713003,0.9993976838118951,0.033242891890362
0.6342276342130593,0.43413345117591035,1.0054555537546916,0.0075431744203298175
0.6164601313005944,0.4342915917530573,0.9916509768331426,-0.022418132380960704
0.6457559941688552,0.4297988199958309,0.9953309724115019,-0.010092956712217988
0.6701706401082873,0.43283265428578654,0.9838573542889063,0.04205311379060587
0.6442788650204987,0.4366941068396981,1.0691259033066332,-0.03374260260848772
0.652249520067297,0.43657104567230315,0.9947084703104158,0.03141663756180847
0.6286346883461034,0.4379675079687293,0.9733592409200051,0.013093247387928764
0.6581775274133335,0.43107222024290054,1.0598530863995717,-0.0517847146316111
0.6552871978796193,0.43458554729077686,0.9790382040863229,0.02661816426458746
0.6361908922729698,0.4362750271524558,1.0018655939321623,-0.00871404665078819
0.6310732183703848,0.441746950444796,0.9961284312076766,0.022318199729460586
0.6208706406799944,0.438376859063749,0.9301911706549184,0.0018708741576450466
0.655543222901636,0.43995152694361656,1.024757530301614,0.009324066596860107
0.6543360052079367,0.43263263669433105,1.0510458129934492,-0.038602761441735654
0.6206637999966028,0.44018540355436064,1.0130868966048179,0.0077397522618787296
0.6401878849120568,0.43545310375180263,0.9976783655782054,0.012448096432398153
0.6302860932343014,0.4385390834967596,1.0188506040513554,0.007869742806894424
0.6561986500181309,0.43774091103667884,1.0537326986787823,0.008389337481205452
0.6475218346731864,0.4350450831862846,1.088254645214107,-0.05113300253774081
0.6475066103679343,0.43385550798589406,1.000105520367114,-0.02903258534609803
0.6153692711708766,0.4374940221111718,0.9953431652696215,-0.001857177724019668
0.6659981119603303,0.43396814786019233,1.0729495335610038,0.009533011473482414
0.6524964269360756,0.43332832897119267,1.0838407966985106,-0.02537447474355864
0.6334187565855498,0.43520974051166056,1.0034800338159333,0.0058317244953625
0.6558315235329244,0.43178555996439283,1.0440617745978302,-0.005715635049958703
0.6434751327629685,0.43806804729075277,1.0329840552610299,0.01113941071870781
0.6500975812030202,0.4309998996644244,1.024770995305815,-0.011728260352576807
0.6292448930178621,0.4410334445300441,1.0349129976521165,-0.014111859526042547
0.6546755433057254,0.4334060175944098,1.070380857715932,0.0009658957285594422
0.6226756407624362,0.4354374898321815,0.9918455639509098,-0.019910820704751604
0.6554650576981237,0.43571395499603033,1.046402411867719,0.0016826030900391057
0.636802161653695,0.433945241102157,1.0363422193446705,-0.0021648325016469894
0.637891688034166,0.4416487131450466,0.9782689695137871,0.09053700865872323
0.6500549169441623,0.43342213640025057,0.9800081664423897,-0.007441852744192769
0.6328176858026352,0.44092157822589023,0.9904578270117319,0.04779079987263604
0.648169883041795,0.4372512401677254,0.9821223053498324,0.024207906947875148
0.6461150954065353,0.435600560514067,1.0246284122800486,-0.0028249856625339608
0.6386272168187903,0.4420407377691309,1.0235424154057753,0.017660412980561122
0.6264080846708573,0.440457520916209,1.029700195350309,-0.01446077158457181
0.6265291186383276,0.4434578925770497,1.0425169522331819,-0.0013403705911450151
0.6432858973865114,0.4359191444028531,1.0585528759732818,-0.006243808532997201
0.6581885011968629,0.43084817616265514,1.0550900086254265,-0.02625085149686753
0.6323962420352708,0.4377439936006423,1.0435010051222489,-0.010779625316301632
0.639639078571826,0.43596255067187517,1.0763393264743988,-0.0279153406084932
0.6348284636506755,0.4363109527098181,1.0417988675813163,-0.004840172871099643
0.61491887049621,0.43827089499600796,1.0500074187096688,-0.013099409512009715
0.6258125605025352,0.4364577418329731,0.9587859361316545,0.026112185947962618
0.6240426313844581,0.44011769341070467,1.030163340159771,-0.003720977252145609
0.6393637834152346,0.43486446564905634,1.0462602779650327,-0.025053164483067936
0.6554786568599652,0.4345920902965713,1.008395389251981,0.03510917620735004
0.6592405940549406,0.43363697867899004,0.9725476388449008,0.010289548174767219
0.6367933172827547,0.43806707405300577,0.9852049967953606,0.024550086422437525
0.6430617988060027,0.43363591620755837,1.0395628403636883,-0.023598791648149722
0.6412413674271951,0.43709067624455006,0.9931602837853791,-0.010912829639565833
0.6572065189541823,0.4329000181201371,1.0703299606776118,-0.03996627285620948
0.6441332749873642,0.43755618484216097,1.0174477243364635,0.021759436064611618
0.641717332384802,0.4400325629954745,1.0210405258609543,0.029459304214575238
0.6445775383434728,0.43405931764798056,1.022662457505989,0.03565571269885802
0.6368927409712831,0.4355076226280959,1.0223590403772727,-0.012384737855589715
0.6632977661911427,0.4313067324392583,1.0015868190370205,0.005165668263213768
0.6585415522893904,0.4386481009103108,1.0175070603332885,0.008525664980384899
0.6261891457503,0.43987482142275075,1.0032990558874932,0.04130737752083269
0.642059577776355,0.4372107052945848,1.0331518345312183,0.027760908359516445
0.6201745059754102,0.43776128496080685,1.0182076837844094,-0.0025235461294983537
0.6517428798629696,0.4372832671743465,1.0442350030896848,-0.016458596828720827
0.6573635392492659,0.4338772913099183,1.0105751705095556,0.0040581330018938265
0.6414742797581937,0.4336303469795497,1.0210289824911611,-0.0333006521279288
0.640686390574599,0.43342138770502103,1.0218057924677768,-0.015491243737403385
0.6352650963824998,0.43538108367463646,0.9829880318832968,0.009601793542306473
0.6467705175316801,0.4360789204122428,1.0348061192674707,-0.038524307615712274
0.6504546314887081,0.4331337314477889,1.0573633986129216,-0.05163193153036492
0.6446900003761217,0.4394360797039295,0.9858276354476012,0.025044689613783304
0.6378721982911101,0.43650081316332134,0.9975664714413176,0.005105904419288014
0.649596789021194,0.4378539014478041,0.9914225187681381,0.02993474903569866
0.6442155188566037,0.4341987132450174,1.0485939711603771,-0.032433668896094316
0.6511026092833928,0.43416202725806907,1.0021561666556729,-0.009230562532690863
0.6393733538823596,0.4347322340564624,1.0055964832985989,-0.0005128553326003491
0.6634846907043811,0.4359471859588197,0.942709832696598,0.04873019597721907
0.644660797453193,0.43874386342564964,1.080233406399732,0.034131925852241354
0.638965711025903,0.4348581938543754,1.0201782159866526,0.010866967649829562
0.6517566796347116,0.43083040413748436,1.0007078245822107,-0.015557704729729454
0.6433110352240262,0.4387413713711967,1.0689082986623384,0.021664497131638913
0.6410159161438906,0.43657362207384265,1.0313884952150683,0.045689860147868175
0.6413493189390901,0.43853293404418264,1.0578004291212277,0.003419247266602763
0.6605346738274345,0.43534503865373875,1.0759451103212068,-0.008263566852198482
0.6536514596996956,0.43056336676689666,1.0557462125684092,-0.05119653391940592
0.6547983075212785,0.4323576313793406,1.0122703223748442,-0.02053208475189693
0.6290659751935878,0.44370869520401646,0.9563085288275768,0.07342004886779699
0.6565898829954346,0.43463956555646055,1.016476899130582,0.0015142702715130127
0.669543582544573,0.43177288730373026,0.9894142281522579,0.009337164358305249
0.6366082497125262,0.43513568442538053,1.0471322346034233,0.004489464191096802
0.6062362358876188,0.44338788300763077,0.9812057056647593,0.00823411430903187
0.627240891756801,0.4388928893014155,1.0519835277370275,-0.03949670119327641
0.6377402065050011,0.43772425344663024,1.0554545548472662,-0.005647848204700418
0.6679231920521053,0.4345654651851175,1.0453002313529474,0.017515082042715242
0.647041641547147,0.43614335421093725,1.050389066129381,-0.01967688347968561
0.6296943122258681,0.43703378659064285,1.0047358332240524,0.0036783463752056815
0.6389398803257891,0.43359290751541574,0.998879026937025,0.009742042687472743
0.6404088030004315,0.43801796417478644,1.036351185178191,0.024185181436738867
0.6520084313075286,0.4323091305164651,1.0341666992908216,-0.04817112230832947
0.645190504645053,0.4360747001635937,1.058189790424361,-0.009598378779977903
0.6444146871812342,0.43477602390857784,1.0090064866481696,-0.017908446067024398
0.6562182633161754,0.4364117191307876,0.9959721493855163,0.06438311336907163
0.6337594788535597,0.43580257451918897,1.0013550069983297,0.005801641691182458
0.6489232514150817,0.43412391070381834,1.0603280194440068,-0.015569524656094113
0.6273431655945974,0.43551786244675594,1.0628442542983714,-0.04017420142591464
0.651457898133431,0.4355231343071115,0.979009201114047,0.035062238998621875
0.6507825336883979,0.4343797311564064,1.034557245118364,-0.01120180112472729
0.64405256058434,0.43572103037126514,0.9808308029602927,0.010893065405493611
0.6478994260288944,0.4353811060081679,1.0326262746511043,0.0037936109141907034
0.6308701869270168,0.4352707958645481,1.0074159317082794,0.004419699079618572
0.6445585670454465,0.43516222684681116,1.0251687253260326,-0.014409676388375753
0.6282048083926178,0.4359936366790041,0.960785209806893,0.03545685294970342
0.6261722581548245,0.44346598736499976,0.9970886025316049,0.01674377524336548
0.6332893989536816,0.43941703603608073,0.896640335490572,0.05651994831546379
0.6477999508259686,0.43744234049247516,1.0661119790197193,0.00790201422426311
0.6508602901734404,0.429972298348265,1.0069217489459552,-0.014914907060661427
0.6528633603024993,0.43435132328911696,1.03425239047084,0.005132257512327847
0.6382573914543065,0.4388414857005414,1.0217531698142543,-0.011613639112700384
0.6356267176445041,0.43825710600885964,1.0297680700813812,0.0028728039124206557
0.6679544035075118,0.4323553223264601,1.074483810485492,0.011528625373906044
0.6460684047492229,0.43820619527182814,1.0545072480245794,-0.014775650189970664
0.6173545016561629,0.43904929246156693,1.0441293965594012,-0.016951269966113697
0.6438424606504558,0.43637272677459027,1.048412843903921,0.017434091990413278
0.6138535462657406,0.4378600105401848,1.048538112291419,-0.01342019378877844
0.6353500634311436,0.4397249251145794,1.0104144437820002,0.0032438142337998586
0.6437218992844698,0.4410122729073015,1.0550229610588995,0.019318409452001035
0.6477938607243935,0.4363389201692708,0.9559778254004724,0.04027458354253224
0.6300483330856078,0.44101127547059027,1.016701058267731,0.003767333178854905
0.6458658702925817,0.4359708408860813,0.9518183971371993,0.03165778268445912
0.6564179628904537,0.43330892660949766,1.067301447631284,0.0025849424050461037
0.6754760774864925,0.43474040994939894,0.9918043448475139,0.06620638076661634
0.6440207085639521,0.4345169491471486,1.0318471741869921,0.001993094628299951
0.6558761586787656,0.43288610705484093,1.055233653345909,-0.017246722240217133
0.636124288758213,0.43930737230384964,0.9623641773831162,0.028848934435761184
0.6422937130621339,0.4371031231150976,1.05331630582572,-0.013122825299353822
0.6588159307586903,0.4319204298502231,1.025004715309459,0.0065201795327074884
0.644138015164867,0.4381118748499951,1.0185722428562813,0.010371073433967678
0.6391947281431948,0.441279822008373,0.9397934925723285,0.05113257102273375
0.6577827000237223,0.4306146855641582,1.0407228115397194,-0.007356303174479076
0.6432647904442631,0.4411483515908065,0.9464929720588576,0.0465912966968998
0.6248838904714268,0.43630521876087325,1.0232665645418595,-0.03155322959148412
0.6377193959666143,0.4371248052740135,1.0040749426503472,0.0013023728586813489
0.6308859800856506,0.438034670093947,0.9840187918818298,0.021011336417178988
0.6224523470259565,0.43972112413053827,0.9946117231241424,0.006375758084891697
0.6628270142217112,0.4326714546268439,1.061105147961054,-0.016696664140987874
0.6257719391671958,0.4351899284509916,1.0714678964043318,-0.05519233659790278
0.6812377881531742,0.42984168540553186,1.0633104213643885,-0.02408081342817727
0.6373382883291724,0.43429382936185706,1.0178039050495222,-0.011856187861607448
0.6407614001078129,0.4377304000211425,1.014282176905725,0.018732911397469854
0.6551171288201184,0.43684607218038124,0.9685993354427853,0.04516559004808436
0.6327134948833442,0.43688445776709556,0.9776164730993232,0.010430181092591192
0.6369229667463333,0.43630824702259846,1.0504299781537676,-0.030459702018203895
0.6532969618663248,0.43693578807654654,0.9869705938430944,0.05372968285640152
0.6491446530895221,0.432458582625975,0.9979527167221377,0.015091528985592906
0.6334393036946775,0.43688688406506804,0.9695014365809932,0.026711811206175513
0.6475215583642271,0.43289560787664844,0.9847931379015276,-0.016825791762373667
0.6339434576085887,0.437926491222602,1.0051488689967842,0.026592043568271967
0.6470519394665151,0.43527754260466345,1.0323842607010951,-0.020658130938636207
0.6113307435751993,0.4426135314641088,0.9832660013906453,0.01527683127790355
0.6271283119225978,0.43848803972669237,1.0038298738657945,-0.01434624831881557
0.6762884693532054,0.43750371258039006,1.0445858027849,0.03705493140915232
0.6481468743857062,0.43250392269195187,1.0202934085726132,0.005260160547302068
0.6359241842453659,0.44157872987410557,0.92995980966092,0.045465964929048704
0.6597642112112118,0.43553523085784823,1.0228246514665715,0.009838988263109107
0.6533010222951275,0.43921242719324033,0.9669203447199393,0.0648702178180232
0.6441041495177241,0.43112875927455774,1.0100965281343033,-0.018668490905639747
0.6713111151484586,0.4398188980826852,1.0238559276917434,0.05622117992592335
0.6741602037933275,0.43521262418561285,1.074583603231537,0.011795637531109118
0.6282610459219324,0.4398058435667711,1.0047378124132063,0.02746279546431042
0.6495864416810992,0.43745498270743344,1.063214622683678,-0.001698751830238129
0.6310042705665003,0.43887841632311536,0.9940753550905771,0.006836347516660655
0.6541817275011524,0.4292160167050924,0.9983966759303197,-0.00234479449786186
0.6381115500467782,0.43455018643685384,0.9666494586086833,0.01372521821644642
0.6379057498503441,0.4422218449703574,0.9930963083416091,0.039672462008851
0.6604314934678702,0.43356884537899215,1.0105450909171385,0.01682903822198546
0.6483380575646557,0.43389153563841915,1.0185906082323664,0.006667233500625722
0.651156497801842,0.44007404883204115,0.9532397418459865,0.051015520003422486
0.6426008856995447,0.4417133505315517,1.0130873070727813,0.018712917671714086
0.6453423708647882,0.4367089631292418,1.00517823037799,-0.010913636684899575
0.6299338621471454,0.4409683736951263,1.0466900701237853,0.007409352118478855
0.6776027127346409,0.43277227554621933,1.1002248624174902,0.006011172763044009
0.623440024855827,0.43625796166126324,1.0086214423092186,0.010853790680408707
0.6248615696487004,0.4361476568551618,0.9987627136625283,-0.01713023652617674
0.6655998088090044,0.4366467494300526,1.0141007438732963,0.023962817529680026
0.6623039648416925,0.4293023184776134,1.064406728367927,-0.024864421581040037
0.6417578433806411,0.437334130938634,0.9914999629934284,0.02605655037682637
0.6393725969025591,0.44338998858616296,1.0378280499473111,0.03420766093776577
0.6471245585518333,0.43923373160982926,1.0374377886736312,-0.004542876322130415
0.6517883507090222,0.43499225892252613,1.0633687565763739,-0.00524967858595147
0.6293353257179911,0.434883657211744,1.02087738377179,-0.04522890510838348
0.6649632326827545,0.4333553318314921,1.0569376215902029,0.017894924682567304
0.6189682386836196,0.44019152113883925,0.962930992771636,-0.004163792235098824
0.6380637806505213,0.43551354858314173,1.024514932288624,-0.031785035285385725
0.6314550803140274,0.44112177092404664,1.0531079827377896,0.021954518059789933
0.6622870797318152,0.43870218882446044,1.029419678198987,0.039076290615471014
0.6363532274441672,0.442355989245827,0.9838782563414907,0.039794593286614596
0.6375498607161975,0.43602182495551567,1.0425610960330371,-0.024993164009473344
0.6392038109135966,0.4313963087129163,1.031210124088735,-0.04160303400770751
0.6148577421805298,0.44077019357209146,0.9573461210560555,0.022352205808136297
0.648459359516427,0.43547366919406405,0.9830676705272726,0.012304218831264507
0.6534323094394784,0.4389776484751542,0.9599303069862811,0.055067978744277386
0.652059207124154,0.4380490280804269,1.0799702094160382,-0.004752230083338551
0.6235293269021634,0.43734625197842875,0.9735613229318146,-0.005996534440013487
0.6617306836505668,0.43558037362229496,1.0534332277488183,0.011067263008381425
0.608547953952218,0.4371395496089529,0.9697873541967713,-0.013536684613211994
0.6354378928683935,0.43959919370745065,1.0034178540977632,0.04185974362328165
0.678666472654499,0.43231840940178184,1.0349310182410447,-0.004487336966511478
0.6575009664323317,0.4393458265766518,1.075147798650531,0.02848348005160987
0.6397895547031597,0.43708366398082305,0.973883073224234,0.03627018285871383
0.6234476460884046,0.4395870800546152,0.994627114721468,-0.002586965279891973
0.6407029582844846,0.4330392211597463,1.00851929630682,-0.04421295356715965
0.6570550059208715,0.4304504367602442,1.0388537655288739,0.011991535201410006
0.6437949204244753,0.4381427926598555,1.022618130787279,0.008867964302350916
0.6302675678534876,0.43725809358345313,1.0167829678269562,-0.0015135889852226374
0.6442114002239011,0.43472558010407186,1.065708085342822,-0.02830553026536359
0.6714343642394629,0.4352244755326225,1.0445671221961605,0.02025502724485555
0.6384832238028221,0.4355921051999083,1.0291595889565726,-0.025464961783926737
0.678742990489767,0.43317106539741435,1.008830724087805,0.033532419236396625
0.6363605189798904,0.43693902337838747,0.9699727519214146,0.004307273941380569
0.6459853076793138,0.43138487916855217,1.0171233696827033,-0.03431224311428072
0.6294388543726116,0.4355650462394647,1.1064245488209632,-0.027621668520665516
0.6402137560373369,0.44048081347939916,1.0004405813024564,0.01382804955105539
0.6344153796322496,0.43969322135019806,0.9592016268935694,0.021587417802150767
0.6330628922473007,0.4365225817715583,1.027861684682407,-0.014768149212204684
0.6346180386551292,0.43598843563303913,1.1096555779251382,-0.053779078923732605
0.6303861227969337,0.4376731316548076,1.0054144379980918,0.008228857594896355
0.6498154949328192,0.4347243123810739,1.0050250181454095,-0.013068107352993064
0.6446944296730736,0.43713148552025816,0.9374103567984595,0.053523763832895734
0.6424345982030845,0.4355908094502283,1.0024210006042835,0.012019187022056043
0.6516472366966468,0.43502317989519923,1.0262530002265393,0.0008818904022691508
0.6460907433690597,0.44003935106088854,0.9991619143665059,0.028840361810105724
0.6369475785777733,0.44213757939167814,1.0238689012772721,0.05185857113973808
0.6596673556215461,0.4333805566310779,1.001442365467396,0.030950996495328995
0.6314013511515219,0.439304341531939,0.9728774442638031,0.051224147555506694
0.6532470636491129,0.43957151361156105,1.0163526838799997,0.013429454922520942
0.6460683363871279,0.43852898017568737,1.0284018229629206,0.01293800376424049
0.646046423623712,0.43295495394440475,1.0318852973012846,0.017141548768449096
0.596703518136037,0.44215378736260763,0.9753346122074895,0.021824707005036532
0.654970305601464,0.43781544125146354,1.0132278290640035,0.01802862340968222
0.6538711536233768,0.4338668449291484,1.077793424415508,-0.003430609078710571
0.6602675697523258,0.4314057094505403,1.062269798756825,-0.027125806940307556
0.6444787944521027,0.4357668737738976,0.9855522734222755,0.030753626881137607
0.6391345585937248,0.4351261546731307,1.098412118824685,-0.019501906158592156
0.6136972120054144,0.4392565140953663,0.9746692454892573,0.0005825116034547415
0.6499156884015348,0.43715154706882836,0.9613246901804945,0.045623557190092826
0.6185114366500855,0.44129633446062294,1.060408180798889,-0.02179671726596511
0.6546581928880826,0.4425365902306407,1.0093023572439537,0.06778475694964514
0.6188617928523604,0.43910141574557376,1.0036062139809636,-0.0046483883390648914
0.6570458885628244,0.4309627601625452,0.9796729502136489,-0.0038132318521442122
0.6529657389995246,0.43416274253855897,1.066115953259978,-0.007637069199876533
0.6240168566625562,0.4369465952014981,0.9472662728140346,0.0011684231176716943
0.6249846439374217,0.43916656160815254,0.9477138955832168,0.024936394094216344
0.6438950089043977,0.43577466943882626,1.0837914085926679,-0.03636720205589559
0.6595108856092253,0.42996379051391403,1.0030027352628565,0.018912391550100348
0.6420820950630838,0.4346089806066861,1.1086372755774065,-0.023580078480161238
0.6464566823066444,0.43606446269055593,0.9652407398204471,-0.014407126479001166
0.6312370265514992,0.439332963727434,0.9947911499107776,0.028639155246095966
0.6441209654180308,0.43796910904270403,0.9674246980157428,0.06255445421221238
0.6397752799541353,0.440619017273358,1.0329156769556238,0.01648402390796239
0.6355439946672574,0.4349382213484221,0.976810734658593,-0.0032495577401547744
0.6525803552272973,0.4378177651954148,0.998718126424501,0.039645180534407874
0.6299235208615171,0.4371740716888104,1.0203713540293646,-0.0007203268971340177
0.6370755527823395,0.4364611234948037,1.0474260365781372,0.006464516386324849
0.6414898908223322,0.4347120514587058,1.0462789141134765,-0.007907246487055982
0.6513494945592639,0.43717858969557455,1.0281795789601489,-0.00498553399037466
0.6260094570019233,0.44307146120188223,1.0031363122311485,0.018467373034352155
0.6509781033349015,0.4401948019884314,1.064508019371466,-0.008073622908242498
0.6457603819465253,0.4352626584299843,1.0510727025007307,-0.0066790386212510315
0.6496108032036062,0.43472066671230736,1.0591044257843116,-0.03885714845096499
0.6297887034360676,0.44014707847748374,0.9731920099431957,0.06091472381195368
0.6589946835251662,0.43157189822852277,1.0791373335402787,-0.014395990701131893
0.6172609800196603,0.44069749743569575,1.0121735996431835,0.0111188653217343
0.6529955819942086,0.43353551234016957,1.0027834468796692,0.004215523981347083
0.6529673933205049,0.4375957609272976,1.0512297057601638,0.04693137479072051
0.6206599987073739,0.44014164087505275,0.9666867836774024,0.03222116853494822
0.6344904450147817,0.4419844136905861,1.0379720041648428,-0.004231784520579996
0.6366445630231701,0.43678856092269125,1.0343937562775147,0.001907145985876085
0.6174382539200766,0.44174801174264117,1.0354689997882915,-0.005733352398632436
0.6571448506565913,0.4328739140157515,0.9890606559655747,-0.004693214209437319
0.6476954210676819,0.43480437909314684,1.0203741739488152,-0.013947844409505538
0.6573137735860686,0.43774811385051726,1.049649148938563,0.04000415707012392
0.6621469223753552,0.43255409815101226,1.057017554753172,0.025460547091088838
0.6451332559484027,0.4345138982818717,1.0642183744858187,-0.02177229122635641
0.6662290281974547,0.431753692358224,1.0546250544304594,-0.012309198750829158
0.6408227933730117,0.4377512583773566,1.0579078888664857,0.0205486774413748
0.6242415297699228,0.43925621671879567,0.9591522457782077,0.03806084855538063
0.6212086482872999,0.4376910941865556,1.0235855276698909,-0.012660953528556675
0.6456845804517806,0.4416996605058169,0.9893576833329599,0.05842104728442858
0.6258240571666205,0.4378203966871692,1.10748421009795,-0.016144768983811928
0.6425011647101527,0.4363824330504239,0.9919923841398207,0.02563178711688016
0.6534769459104847,0.44222652170759813,1.0795333203493276,0.001068431801980994
0.6306902815974895,0.43956272603923396,1.0176713912939155,0.0047467592613210504
0.663896923820121,0.43646200983851874,0.9948820529829675,0.03771966856048296
0.6506996967225299,0.433836436630607,1.040489631555601,-0.004810316477597299
0.6494237499164115,0.4357345549762664,1.013679426920705,0.010766963747701903
0.6310091060182736,0.4356739191650012,0.9716884506664637,0.0018025675636781117
0.6449182762752076,0.43745445900792324,1.0114919379140017,0.019125469386346804
0.6429227694527148,0.4388235166637741,1.0362530548058517,0.018440763551221536
0.6240200116615758,0.4380365631901511,1.0654399039815245,-0.05405496696122846
0.6575050720639117,0.43550350797960363,1.0039508652349314,0.0324322131595178
0.6374554616730937,0.43930934392752313,0.9289288970146417,0.042541654306319523
0.6783425856600245,0.4314729928227628,1.0796140290876601,-0.009222219322879747
0.6586438060029637,0.4356078014806291,1.0382238683101728,0.008176383902334829
0.6484790246049552,0.4382779992175818,0.9390133773817764,0.04740723772292228
0.6356666687512306,0.43670901138551044,0.9689399576886861,0.021819075548327897
0.6411093243923871,0.4346795367292521,1.0431291492288082,-0.023587187137747764
0.6647257159705018,0.4321411494258838,1.006105509648365,0.014935087035886271
0.6471286267016587,0.44048435830575294,0.9991351673157074,0.0681052249767318
0.6309104735321867,0.4416863907872024,1.043646963416575,0.003877762737236984
0.6224162167754069,0.43815932428020665,1.0343806947515595,-0.001672805947315058
0.6403668272141695,0.4363744971635879,1.087183476318353,-0.01868066810480901
0.6459302848872971,0.42620170352394415,1.0594786493918527,-0.04681360481549472
0.6434748977571975,0.43582120408675773,1.0351563453757333,0.0001844873865904823
0.63365068429108,0.43542993872122593,0.948666084371465,0.0211660926729592
0.6677244573947101,0.4324214480437096,1.0983563277559587,-0.0312513113326489
0.6535550537421753,0.4353765679370671,1.0521983842002907,-0.019151772671714234
0.6508395486254812,0.43468111099673207,0.9925812974263531,0.01589898482107223
0.6945098017428947,0.43279714681470766,1.1689253190415694,-0.017153278656082176
0.6448476939235205,0.4371219002824574,0.9370653265422296,0.03310911623174796
0.6543049664421,0.43325101349035067,1.0523052762922824,0.028443466002712685
0.6456306142608254,0.4414298041369611,1.0692685118909309,0.0041758257551188
0.6503472876370571,0.4380579972329691,0.9992754389643588,0.048692774654954515
0.6573238409602572,0.43611016953832327,0.9664597500793763,0.023673641367973057
0.6351339686257789,0.4394430732567166,0.9786066480745673,0.007057970676013551
0.6125150382868575,0.43889692305781935,1.0285138163653378,-0.006189197327909727
0.6228314109103211,0.4385755772422556,0.9139813468481605,0.03428112425064889
0.6272012340815224,0.4366562506065041,1.0624903409685351,-0.02379532901788077
0.6686911689112711,0.43243570032945766,1.0783717935642383,-0.02394960942573629
0.6390941159199693,0.4389703940342496,1.0546048012495879,0.017763108993594783
0.6410885575243062,0.43395125698438186,1.0599224207806806,-0.03385133323474244
0.6417958059242023,0.4397743516233831,1.0137575182635215,0.03947135622871628
0.641985097989381,0.4330520117604311,1.01314884508768,-0.02421884691231582
0.6298575623398771,0.43530456743655044,0.9754967566710816,-0.009500930480546541
0.6394833237393784,0.43448034773715954,1.0051563308950338,-0.016666164952926485
0.6571127476575148,0.4346142199495424,1.0437406820381274,-0.02750975702819168
0.6639365704310071,0.4327774237794645,1.0667365677622143,0.02220361976769777
0.6595300588607146,0.4361747521725363,1.0489383527753826,-0.01739718539992105
0.67006816767455,0.4306591648693745,1.0892564110468597,-0.05186649521623528
0.6223310539294593,0.44396623851384714,1.0026945977145878,0.046963212602334575
0.651578265367205,0.43593628514429783,1.068245139337488,-0.03737153554704441
0.6449191246037792,0.4347627045160079,1.0231692247885777,-0.011070709054609353
0.6360642013595151,0.44042867705735467,1.0136757333547222,0.024993613700581153
0.6611877056140688,0.4349323477579726,1.0280211062844178,-0.0021582086130835097
0.6658969264744169,0.43135730742757894,1.048188773695626,-0.017984263605368554
0.6528969372248065,0.43158905658890634,1.0755927500404598,-0.02866187183009402
0.6344716182256219,0.43867080057168295,0.9424372470133409,0.031717506581609725
0.6511456862542802,0.43673644689869967,1.0239088566358236,0.010920534722619042
0.6518535389948023,0.4319353817388772,0.973801311801439,-0.013367243387214215
0.6583708225131936,0.4383694202330892,1.0162457303851922,0.04637613844470695
0.6427950892440876,0.4376961174156368,1.008634929516779,0.030258559564053055
0.6573393665744803,0.43664964668839934,1.0284412649644668,0.028832292642437075
0.6286756582077906,0.4415870184529275,0.9830676195673871,0.06760422294554089
0.6401415836461395,0.43806739478937345,1.0238660982155463,0.007495728902000013
0.657139483656704,0.43416699314532226,1.0532456461496793,-0.04870992850502599
0.6425317541249321,0.4351093101819757,0.9893236323337874,0.004288564409835654
0.6404997426896977,0.4352030617752887,1.0746611217951836,0.008373892685769971
0.6503923968329397,0.4341051626483063,1.0415074583937531,0.007904482860984554
0.6337679217472728,0.439278448118693,1.0376653811003587,-0.012237313730734322
0.6423740367539083,0.4354273341295724,0.9690181232837421,0.02503988977930819
0.6314143152625745,0.4402121010060396,1.0326917347680327,0.005018258002311952
0.6371370221703472,0.43311501933901964,0.9930174689439852,-0.002357543180396738
0.6324868216760442,0.4374993704860254,1.0199411828269298,0.000196747735254655
0.639268310510642,0.4417370745100827,0.9359763807222488,0.07439272507253042
0.6393660698856591,0.4462112382621262,0.9915700546409597,0.06609609788019769
0.6322026882769077,0.4395934402879772,1.0337275243460156,0.021799347551665033
0.6434587792021315,0.43649354169857474,1.0300668091989027,0.0046208475278381525
0.6601750322646995,0.43207452599513946,1.0273780100116525,0.006082715772413128
0.6480349804354059,0.43408254810061475,1.0369038216026139,0.006468248923671843
0.6275599292010846,0.4356468972077179,1.0499219103878308,-0.04844155532914304
0.6492001752489666,0.43552649999718523,0.9743551224772364,0.030269838942754805
0.6594391967022026,0.43518042639252413,1.0262488145413857,0.01121906495485743
0.6380228955633573,0.4370561836806613,1.047044019414699,0.005955403518601029
0.6429932073651995,0.4365841206366124,1.024697898855037,-0.02056397951476303
0.6546767586649404,0.42911576727757533,1.0710108309930026,-0.015216926245540021
0.6645817109758461,0.42856943478545245,1.0682496356330506,-0.04610828950611694
0.6240191541910196,0.43669601630309085,1.0296892582031862,-0.030515456931184973
0.6514412726285607,0.4356492668835624,1.0469155569301312,0.023935963936161087
0.647981923907529,0.4355741947900877,1.0297243726012395,-0.005617124494632176
0.6462445713397627,0.435041895536974,1.0577442752073463,-0.03171090425543926
0.6532866513051775,0.4323654161406224,1.0351201475032248,-0.00617843702497404
0.6223485917331648,0.43868761284706886,1.024175016494747,-0.010455339512998582
0.6403312352932973,0.4382876156638488,0.9975142567268126,0.011810426611514772
0.6449442289850952,0.43863027797035187,1.0223195299810668,0.010397670254714362
0.6370657308533543,0.43513233052409706,1.0164730785035423,0.004068982974779341
0.6369993717544787,0.43664394456866473,1.0106448855051864,-0.00811295658192818
0.6484425850530373,0.43373036420338473,0.9543131476558687,0.029755902289573758
0.6330346720821879,0.4401945947345236,1.0098253202216014,0.009954580597416446
0.6274695703321758,0.4395148187529398,1.0296551129665055,0.0349289830235236
0.6455593635052712,0.4371791315793413,1.0144728769707412,-0.010348375579509765
0.6473891252270264,0.43321744086116,1.0465920929851193,-0.04250627526979042
0.6532445105328974,0.4324214397775369,0.9909138939140579,0.009012537570277115
0.6542413598991175,0.42937983980715394,1.0346792600013914,-0.0005955185409837715
0.6483737875575136,0.43520775880085133,1.0613698542795833,-0.03946033979297232
0.6622869933113945,0.42931717388857066,1.0521124666453359,-0.04378316565755376
0.6629091307756424,0.43459127106911244,1.0470034491534983,-0.0062624155362524655
0.6421426041041213,0.4399691089327967,0.9656016244672446,0.051825868482144204
0.6512499649901161,0.43240032991839894,1.035251389514945,-0.015587061601030532
0.6897387577190878,0.4285338924259479,1.0709810030326012,0.012960243062115549
0.6419277413510988,0.43692540649951034,0.9609120856775105,0.04084440795668456
0.6390215124343545,0.43709446887997133,1.012659940324065,-0.001274323433354866
0.6254818305332799,0.4376272245195882,0.9962128375237083,-0.0037340461896196173
0.6420037865686538,0.4341911706591928,0.9968841330718491,0.009245145619079773
0.6722899802514413,0.43484386592927776,1.0318003872445223,0.024657019105500423
0.6276645040379634,0.43902775405393346,1.0228568863756526,0.0157393042027657
0.6307649214732476,0.43570197037850916,1.048446332579319,-0.027361728581144506
0.6387214689443885,0.43440737599343526,1.0650612655272567,-0.008931975117819417
0.6326122396218908,0.4360815870901956,0.9810146750730688,0.007865817579871287
0.6561396623707382,0.43158715207467346,1.0448719166047793,0.00021862123372369882
0.6409964023445544,0.43683621793788124,0.9885507718077358,0.005236505731310783
0.636465190555532,0.43239888896532935,1.0000113926619467,0.012118620481945917
0.6203238663858516,0.43697993977125055,0.9296763867232654,0.0010226130506156704
0.643286617716614,0.4359654190408798,0.9693086925213384,0.020235377395205943
0.6627223776043923,0.43890463456661905,1.0843205418713233,0.01441418995657202
0.6518810607378184,0.4358602893463613,1.006285501550411,0.010005368435553332
0.6170861037636739,0.4417228143853954,0.9949384063423105,0.0004788418502912282
0.6415332274893691,0.43630166144202015,0.9694713510827104,0.022478165640617304
0.6504695915297418,0.4348704735589238,1.047062446904799,0.01217611128915464
0.6319765716963438,0.44024056329169775,1.0401332133214476,0.0027855298624523362
0.6580835116439153,0.4349844468090819,1.0333280264182192,-8.462135226253739e-05
0.6289021244427198,0.44162821214247683,0.9647900273201389,0.0639215030690469
0.6477062992655752,0.43932232118669495,1.0410307459583157,0.01630411788691992
0.6693306563270244,0.4315437147161449,1.0731689445550818,-0.016842817000554407
0.6211928082941937,0.44138692249242384,1.0097981466505828,0.01213498399265989
0.653136829404053,0.43587015616292835,1.0443012886835814,0.0262675853360929
0.636886165190836,0.434494260138941,1.007280827785217,0.00020746018050936738
0.651243476027541,0.4279620888522507,1.0191270888059059,-0.05216969011434857
0.6554736791474279,0.4367204745563852,1.0192706889733323,0.0207411345771252
0.6237337781679488,0.4386605912206782,1.0161741694468378,-0.001361745630402154
0.653797024946865,0.4333850312955918,1.1109537475026279,-0.026775644772378617
0.6410186479428586,0.4414432164926972,0.9521924640647945,0.06964720032718325
0.6448139444164819,0.43823746963898275,1.016586351662559,-0.005712244277644819
0.6533016115930844,0.4383216890831475,1.027451726950434,-0.004644420123012024
0.6452472121906391,0.4374018439952104,1.0474315753403352,0.009276049309933039
0.6455820537409187,0.43431751539778146,1.031012116242007,-0.014985935532963054
0.6405660850909264,0.44101539491592506,1.0300972227867708,0.004682131222664223
0.6546585028103339,0.43446889638001807,1.0610281020726666,-0.010267289000959369
0.6532657002727162,0.4344364050207071,1.019770257825646,-0.02539201855524467
0.6299472815858943,0.431402949927224,1.050645888338469,-0.03950375754053992
0.6550825355298924,0.43531720429885773,0.9927246837028626,0.018193811984993258
0.6310427372325222,0.44138500951736515,0.9588092536525432,0.03111138640950119
0.6408356112025779,0.4354747688033411,1.0701128720299502,-0.019320933572877834
0.642287631677133,0.43377480019512393,1.0124661100750454,-0.017169518782806103
0.6400952746108745,0.43700025050095065,1.0697400416252119,-0.021168638645505132
0.6419125248581474,0.43775077145630537,1.053267000540464,-0.01394564756157617
0.6239480650291681,0.44455376648441913,1.0452943885409494,0.006847240656556023
0.6293938305284986,0.44126693912958104,1.0106016321379387,0.005208933200652146
0.6552930021920538,0.4359730540317222,1.037720744267748,-0.016907980211896746
0.6404241211304617,0.4423730985395856,1.0445293783584455,0.03163689453748725
0.6408746123461635,0.43835865990555817,1.0341131048763452,-0.019830146371970767
0.6352043524113147,0.44081199668852683,0.9140984891759366,0.03980720910473871
0.6340840918978256,0.4352333188380646,0.9699596919456918,-0.0007671374412643643
0.6431382319866809,0.43912342526186904,1.0664719480721212,0.016685692438649515
0.6534121705605762,0.4312026787085102,1.0476176614598334,-0.03307229021208393
0.6385904850918714,0.4348583210618257,1.018647287506483,0.0052391311494891955
0.6428887243729462,0.4384967063944862,1.0137553437235929,0.016456977397656187
0.6456398476708664,0.4351525877824669,0.9356166185161021,0.031952884486063836
0.6566453856788942,0.4354060379880334,0.9799547017865293,0.03207113160854199
0.6633186277453433,0.43106415658818625,1.028894065120937,0.01175079912469868
0.6685623814901259,0.43560887703413576,0.9785333300976158,0.01601896966417412
0.6270593106337755,0.44213064571344873,1.0117678306442446,-0.010045971506836998
0.6515145886060737,0.4367859267600508,1.0224481158791414,0.0023592761144283305
0.6550357933730276,0.4323409261339017,1.0199159187837519,0.002320855647843549
0.6559053773709312,0.43551806430001655,0.9503067920758994,0.04664428146926921
0.6609836919919613,0.4330445131972539,1.0301640939312606,-0.016259231366868344
0.6335964173634752,0.43771698347991933,1.0439097808875548,0.006000337209967694
0.6530827756377917,0.4336848017727386,0.9941693938422593,0.031204290470881434
0.6222671561400198,0.4380384253192761,0.9252626901081924,0.028466109284802595
0.6587266623820847,0.4378366076541206,1.0547299223828315,0.03629272220867648
0.6372966753669639,0.4381365476598197,1.076818399585581,-0.011262174680147997
0.6088723009744814,0.4415842909601632,0.9740543364118386,-0.01055118459545892
0.6436180769217007,0.43753808687948054,0.9669212376711459,0.04381130077440538
0.6533137491140772,0.4355217439910473,1.032394139312854,0.01619871880827583
0.6643763791399037,0.4294691974272634,1.0485409481815784,-0.015392929419979247
0.6462924562046783,0.4329962021564223,0.9667777009104298,-0.018055868765116567
0.6393292030057046,0.438986731309948,0.970533850224739,0.016379500226717903
0.6546926713322009,0.4366308659858658,0.9152828478087942,0.039675857662946484
0.6755784153881012,0.43130374978534786,1.100387325892494,-0.0344819640304804
0.6428087535423966,0.4314364930604057,0.98912401196619,-0.01067092827194308
0.6326403928222675,0.4395154882617763,1.011216653946306,0.05025129573588657
0.643604994739926,0.4363240633137361,1.0336322298385352,0.015107804830894684
0.6425038681492353,0.4374887318819231,0.9732601628650133,0.031376452740106926
0.6350856448369352,0.44035283832202093,1.0498649468396979,-0.023615334147799573
0.6198042925875081,0.434657119922264,0.9994515690128785,-0.04201823623448756
0.633446321932733,0.43636497683622666,1.0209052105794507,-0.03130690505900362
0.6479614757188878,0.4325280877806073,1.0600780965188037,-0.014861685671065312
0.6391919970311714,0.43549480737296636,1.032591338262947,-0.026984701901170707
0.651029547239199,0.4288134050555115,0.992745636416114,-0.01957948932062749
0.6421607322907755,0.43861347384372057,1.0198815782546917,0.01991866507755017
0.6236426861248912,0.4367844901363875,1.0682427318628847,-0.05277573984945088
0.6468927544340041,0.4324139258314088,1.0240570806510905,-0.02902650334545106
0.6602867927116892,0.438876305851842,1.0423077364582036,0.035541311693224734
0.652970052692219,0.43451430816577385,1.006620838134374,-0.004608862633869782
0.6458686437097213,0.43857195138085076,1.0063605362194334,-0.014177787311631116
0.6536656841278548,0.4321810243366446,1.023259986276567,-0.026235381143169083
0.664430137640224,0.43762895821824577,1.0118898360986799,0.059249149849645764
0.6252702133913627,0.4399356749044394,0.9957787145590313,0.0118261356609082
0.656486650875472,0.4298444949817051,1.02499640648378,-0.006841330233800586
0.6457179459738055,0.4352490148105279,0.9893555236426443,0.007340347776418722
0.653046495184614,0.435927034537473,1.0178660339095864,0.02433355981950636
0.6376318001850396,0.43704546311084297,1.0273188839997967,-0.006298675479957443
0.646115776077087,0.43344171387659064,0.9886005404684,-0.002665230752426919
0.6532631599815959,0.43745559329378325,1.0428103100603916,0.029272899523947543
0.6248977777177425,0.43862496920947136,1.00454802108951,-0.011684005909405383
0.6395422191265915,0.4340479345062989,1.0425414161829312,-0.02819899539987936
0.665593767649219,0.4320616615788987,1.0868779960555557,-0.038506221744673545
0.6483465088104515,0.4351731724961283,0.9739725907382928,0.03365569550738084
0.6199293399587542,0.43873682894034277,0.9788855049788042,0.011807920367507165
0.635618651368722,0.43841272295467226,1.00209890720315,0.004306805250542932
0.6574018233052682,0.43519114033340217,1.0955171201686027,-0.06424523718160316
0.6300504230321602,0.4376900119031873,0.9953618603561184,0.012302009418087094
0.6441009000019309,0.43688696236869257,0.9517565473514071,0.031638046808039874
0.6281124196609575,0.4374353737236228,1.0564157911739294,-0.012220682832812777
0.6572524692001432,0.4369364950651008,0.9951670274615454,0.06493593585827571
0.6300623307874447,0.43372921250196383,1.020105126576993,-0.014776703130607404
0.6543359127167493,0.43824957794576574,0.990147918678196,0.024896507681064512
0.6445737760007253,0.4325345716841279,1.04178116687079,-0.02416337794094978
0.6452851957447807,0.4366444302301733,0.9608299780060585,0.019672899159454447
0.6387149604643276,0.4357006106050055,0.9863422487817659,-0.015921752240122145
0.6653555413050461,0.43662484080608854,1.0278398361517198,0.04571723056860721
